key,school,group,code,major,token,sheet,row,score
m_210307_31,上海交通大学,上海交通大学07,31,"电子信息类(能源与动力工程、机械工程、信息工程)(巴黎卓越工程师学院,含笛卡尔班)(中外合作办学)",机械工程,985,5,103
m_210307_32,上海交通大学,上海交通大学07,32,"电子信息类(电子与计算机工程、机械工程、计算机科学与技术、数据科学与大数据技术)(浦江国际学院,依托张江国际理工学院)(含电子与计算机工程+工商管理双学士学位)(中外合作办学)",电子与计算机工程,985,5,103
m_210307_31,上海交通大学,上海交通大学07,31,"电子信息类(能源与动力工程、机械工程、信息工程)(巴黎卓越工程师学院,含笛卡尔班)(中外合作办学)",电子信息类,985,6,128
m_210307_32,上海交通大学,上海交通大学07,32,"电子信息类(电子与计算机工程、机械工程、计算机科学与技术、数据科学与大数据技术)(浦江国际学院,依托张江国际理工学院)(含电子与计算机工程+工商管理双学士学位)(中外合作办学)",电子信息类,985,6,128
m_210206_14,同济大学,同济大学06,14,机械类(建筑电气与智能化、机械电子工程、车辆工程)(中外合作办学),建筑电气与智能化,985,9,103
m_310605_15,北京航空航天大学,北京航空航天大学05,15,"工科试验班类(中法未来科技试验班)(以下按大类招生专业,所含专业详见院校招生网。在浙江省杭州市余杭区双红桥街166号学习)(中外合作办学)",工科试验班类,985,12,126
m_310604_14,北京航空航天大学,北京航空航天大学04,14,"工科试验班类(中西智能试验班)(以下按大类招生专业,所含专业详见院校招生网。在浙江省杭州市余杭区双红桥街166号学习)(中外合作办学)",工科试验班类,985,14,126
m_520205_20,华中科技大学,华中科技大学05,20,"生物科学(与埃夫里-巴黎萨克雷大学合办,4+0培养模式,部分课程英语授课)(报考以下专业有色觉要求,具体请查阅院校招生章程)(中外合作办学)",生物科学,985,23,128
m_520203_16,华中科技大学,华中科技大学03,16,"药学(同济医学院)(与英国伯明翰大学合办,4+0培养模式,部分课程英语授课)(报考以下专业有色觉要求,具体请查阅院校招生章程)(中外合作办学)",药学,985,24,128
m_610113_25,四川大学,四川大学13,25,"电气工程及其自动化(入学后不能转专业)(具体出国培养模式、学费等要求,须查阅院校招生章程并详询院校)(中外合作办学)",电气工程及其自动化,985,25,128
m_610112_20,四川大学,四川大学12,20,"计算机科学与技术(以下专业在江安校区学习,入校后只能在奥克兰学院内转专业。具体出国培养模式、学费等要求,须查阅院校招生章程并详询院校)(中外合作办学)",计算机科学与技术,985,26,128
m_610112_22,四川大学,四川大学12,22,"人工智能(以下专业在江安校区学习,入校后只能在奥克兰学院内转专业。具体出国培养模式、学费等要求,须查阅院校招生章程并详询院校)(中外合作办学)",人工智能,985,26,128
m_610112_23,四川大学,四川大学12,23,"机械设计制造及其自动化(以下专业在江安校区学习,入校后只能在奥克兰学院内转专业。具体出国培养模式、学费等要求,须查阅院校招生章程并详询院校)(中外合作办学)",机械设计制造及其自动化,985,26,128
m_610112_24,四川大学,四川大学12,24,"材料科学与工程(以下专业在江安校区学习,入校后只能在奥克兰学院内转专业。具体出国培养模式、学费等要求,须查阅院校招生章程并详询院校)(中外合作办学)",材料科学与工程,985,26,128
m_610112_21,四川大学,四川大学12,21,"电子信息工程(以下专业在江安校区学习,入校后只能在奥克兰学院内转专业。具体出国培养模式、学费等要求,须查阅院校招生章程并详询院校)(中外合作办学)",电子信息工程,985,26,128
m_520110_26,武汉大学,武汉大学10,26,"建筑学(含数智建筑方向、城市设计方向)(与英国邓迪大学联合举办,采取4+1培养模式)(中外合作办学)",建筑学,985,27,128
m_520108_21,武汉大学,武汉大学08,21,"电气工程及其自动化(只录取明确填报该专业志愿的考生)(以下专业与英国杜伦大学联合举办,采取4+0培养模式,学习期间可选择赴杜伦大学交流学习)(中外合作办学)",电气工程及其自动化,985,28,128
m_520108_22,武汉大学,武汉大学08,22,"电子信息工程(只录取明确填报该专业志愿的考生)(以下专业与英国杜伦大学联合举办,采取4+0培养模式,学习期间可选择赴杜伦大学交流学习)(中外合作办学)",电子信息工程,985,28,128
m_520108_24,武汉大学,武汉大学08,24,"地球物理学(只录取明确填报该专业志愿的考生)(以下专业与英国杜伦大学联合举办,采取4+0培养模式,学习期间可选择赴杜伦大学交流学习)(中外合作办学)",地球物理学,985,28,128
m_520108_23,武汉大学,武汉大学08,23,"机械设计制造及其自动化(只录取明确填报该专业志愿的考生)(以下专业与英国杜伦大学联合举办,采取4+0培养模式,学习期间可选择赴杜伦大学交流学习)(中外合作办学)",机械设计制造及其自动化,985,28,128
m_710409_22,西安交通大学,西安交通大学09,22,"材料科学与工程(创新港校区)(以下专业具体出国培养模式、学费等要求,须查阅院校招生章程并详询院校)(中外合作办学)",材料科学与工程,985,30,128
m_710409_21,西安交通大学,西安交通大学09,21,"智能制造工程(创新港校区)(以下专业具体出国培养模式、学费等要求,须查阅院校招生章程并详询院校)(中外合作办学)",智能制造工程,985,30,128
m_710413_28,西安交通大学,西安交通大学13,28,"建筑学(创新港校区)(以下专业具体出国培养模式、学费等要求,须查阅院校招生章程并详询院校)(中外合作办学)",建筑学,985,31,128
m_710413_27,西安交通大学,西安交通大学13,27,"工业设计(创新港校区)(以下专业具体出国培养模式、学费等要求,须查阅院校招生章程并详询院校)(中外合作办学)",工业设计,985,31,128
m_710410_23,西安交通大学,西安交通大学10,23,"电气工程及其自动化(创新港校区)(具体出国培养模式、学费等要求,须查阅院校招生章程并详询院校)(中外合作办学)",电气工程及其自动化,985,32,128
m_710412_26,西安交通大学,西安交通大学12,26,"碳中和科学与工程(海南校区)(具体出国培养模式、学费等要求,须查阅院校招生章程并详询院校)(中外合作办学)",碳中和科学与工程,985,33,128
m_710403_06,西安交通大学,西安交通大学03,06,"英语(语言数据与智能应用)(海南校区)(具体出国培养模式、学费等要求,须查阅院校招生章程并详询院校)(中外合作办学)",英语,985,34,128
m_430108_09,哈尔滨工业大学,哈尔滨工业大学08,09,"应用物理学(该专业是与俄罗斯圣彼得堡国立大学合作。学生入学后不得转专业,“4+0”培养,中英文授课)(哈尔滨市)(中外合作办学)",应用物理学,985,35,128
m_430105_06,哈尔滨工业大学,哈尔滨工业大学05,06,"数学与应用数学(该专业是与俄罗斯圣彼得堡国立大学合作。学生入学后不得转专业,“4+0”培养,中英文授课)(哈尔滨市)(中外合作办学)",数学与应用数学,985,35,128
m_430107_08,哈尔滨工业大学,哈尔滨工业大学07,08,"化学(该专业是与俄罗斯圣彼得堡国立大学合作。学生入学后不得转专业,“4+0”培养,中英文授课)(哈尔滨市)(中外合作办学)",化学,985,35,128
m_430104_05,哈尔滨工业大学,哈尔滨工业大学04,05,"大数据管理与应用(该专业是与法国里昂商学院合作。学生入学后不得转专业,“4+0”培养,中英文授课)(哈尔滨市)(中外合作办学)",大数据管理与应用,985,36,128
m_430103_04,哈尔滨工业大学,哈尔滨工业大学03,04,"智慧建筑与建造(该专业与意大利都灵理工大学合作。学生入学后不得转专业,“4+0”培养,中英文授课)(哈尔滨市)(中外合作办学)",智慧建筑与建造,985,37,128
m_430106_07,哈尔滨工业大学,哈尔滨工业大学06,07,"生物技术(哈尔滨市)(该专业是与俄罗斯圣彼得堡国立大学合作。学生入学后不得转专业,“4+0”培养,中英文授课)(中外合作办学)",生物技术,985,41,128
m_413103_10,大连理工大学,大连理工大学03,10,"计算机类(软件工程、数字媒体技术、物联网工程)(与日本立命馆大学合作,零起点学习日语,部分课程采用英语、日语授课)(开发区校区)(中外合作办学)",软件工程,985,42,103
m_530208_30,中南大学,中南大学08,30,材料科学与工程(中南大学和蒙纳士大学中外合作办学项目)(中外合作办学),材料科学与工程,985,46,128
m_530204_12,中南大学,中南大学04,12,"土木工程(中南大学邓迪国际学院)(以下专业课程采用全英文授课,非英语语种考生慎重报考)(中外合作办学)",土木工程,985,46,128
m_530209_32,中南大学,中南大学09,32,"自动化(中南大学和蒙纳士大学中外合作办学项目)(""2+2""培养,满足要求获得中南大学本科学历证、学士学位证,蒙纳士大学学士学位证)(具体培养模式、学费等要求,须查阅院校招生官网并详询院校)(中外合作办学)",自动化,985,47,128
m_530204_09,中南大学,中南大学04,09,"计算机科学与技术(中南大学邓迪国际学院)(以下专业课程采用全英文授课,非英语语种考生慎重报考)(中外合作办学)",计算机科学与技术,985,48,128
m_530204_12,中南大学,中南大学04,12,"土木工程(中南大学邓迪国际学院)(以下专业课程采用全英文授课,非英语语种考生慎重报考)(中外合作办学)",土木工程,985,48,128
m_530204_08,中南大学,中南大学04,08,"数学与应用数学(中南大学邓迪国际学院)(以下专业课程采用全英文授课,非英语语种考生慎重报考)(中外合作办学)",数学与应用数学,985,48,128
m_530204_10,中南大学,中南大学04,10,"机械设计制造及其自动化(中南大学邓迪国际学院)(以下专业课程采用全英文授课,非英语语种考生慎重报考)(中外合作办学)",机械设计制造及其自动化,985,48,128
m_530204_11,中南大学,中南大学04,11,"交通设备与控制工程(中南大学邓迪国际学院)(以下专业课程采用全英文授课,非英语语种考生慎重报考)(中外合作办学)",交通设备与控制工程,985,48,128
m_110114_55,南京大学,南京大学14,55,大气科学(以下专业(类)在鼓楼校区和苏州校区学习)(中外合作办学),大气科学,985,51,128
m_620105_09,重庆大学,重庆大学05,09,"机械设计制造及其自动化(科学城校区虎溪校园)(“4+1”培养模式(即国内4年+国外1年),国内学习阶段学费标准为75000元/年,国外学习阶段按美国辛辛那提大学标准缴纳学费)(中外合作办学)",机械设计制造及其自动化,985,52,128
m_620105_08,重庆大学,重庆大学05,08,"电气工程及其自动化(科学城校区虎溪校园)(“4+1”培养模式(即国内4年+国外1年),国内学习阶段学费标准为75000元/年,国外学习阶段按美国辛辛那提大学标准缴纳学费)(中外合作办学)",电气工程及其自动化,985,53,128
m_620109_13,重庆大学,重庆大学09,13,"物理学(与俄罗斯新西伯利亚国立大学合作办学)(科学城校区虎溪校园)(“3+1”培养模式(即国内3年+国外1年),国内学习阶段学费标准约为53000元/年,国外学习阶段按俄罗斯新西伯利亚国立大学标准缴纳学费)(中外合作办学)",物理学,985,54,128
m_620108_12,重庆大学,重庆大学08,12,"土木工程(沙坪坝校区A校园)(“2.5+1.5”培养模式(即国内2.5年+国外1.5年),国内学习阶段学费标准约为100000元/年,国外学习阶段按新加坡理工大学标准缴纳学费)(中外合作办学)",土木工程,985,55,128
m_720120_72,兰州大学,兰州大学20,72,"生物制药(非英语语种考生慎重报考,入学后不得转专业)(具体出国培养模式、学费等要求,须查阅院校招生章程并详询院校)(中外合作办学)",生物制药,985,59,128
m_710207_35,西北工业大学,西北工业大学07,35,人工智能(长安校区)(中外合作办学),人工智能,985,60,128
m_710207_36,西北工业大学,西北工业大学07,36,智能交互设计(长安校区)(中外合作办学),智能交互设计,985,60,128
m_710204_08,西北工业大学,西北工业大学04,08,材料科学与工程(长安校区)(中外合作办学),材料科学与工程,985,61,128
m_710204_09,西北工业大学,西北工业大学04,09,高分子材料与工程(长安校区)(中外合作办学),高分子材料与工程,985,61,128
m_710206_31,西北工业大学,西北工业大学06,31,飞行器设计与工程(以下专业在长安校区学习)(中外合作办学),飞行器设计与工程,985,62,128
m_710206_32,西北工业大学,西北工业大学06,32,航空航天工程(以下专业在长安校区学习)(中外合作办学),航空航天工程,985,62,128
m_710206_33,西北工业大学,西北工业大学06,33,探测制导与控制技术(以下专业在长安校区学习)(中外合作办学),探测制导与控制技术,985,62,128
m_710206_34,西北工业大学,西北工业大学06,34,电子科学与技术(以下专业在长安校区学习)(中外合作办学),电子科学与技术,985,62,128
m_262115_32,中国海洋大学,中国海洋大学15,32,海洋科学(崂山校区)(非英语语种考生慎重报考)(中外合作办学),海洋科学,985,63,128
m_262103_03,中国海洋大学,中国海洋大学03,03,法学(崂山校区)(非英语语种考生慎重报考)(中外合作办学),法学,985,64,128
m_262103_03,中国海洋大学,中国海洋大学03,03,法学(崂山校区)(非英语语种考生慎重报考)(中外合作办学),法学,985,65,128
m_262111_21,中国海洋大学,中国海洋大学11,21,计算机科学与技术(西海岸校区)(非英语语种考生慎重报考)(中外合作办学),计算机科学与技术,985,66,128
m_262112_22,中国海洋大学,中国海洋大学12,22,物理学(崂山校区)(非英语语种考生慎重报考)(中外合作办学),物理学,985,67,128
m_311004_09,中国农业大学,中国农业大学04,09,"国际经济与贸易(报考该专业有色觉要求,具体请查阅院校招生章程)(以下专业国内学习期间学费每年10万元至12.98万元,国外学习期间按留学生标准收费,详见院校招生章程)(中外合作办学)",国际经济与贸易,985,69,128
m_311003_08,中国农业大学,中国农业大学03,08,"传播学(以下专业国内学习期间学费每年10万元至12.98万元,国外学习期间按留学生标准收费,详见院校招生章程)(中外合作办学)",传播学,985,69,128
m_311002_07,中国农业大学,中国农业大学02,07,"农林经济管理(报考该专业有色觉要求,具体请查阅院校招生章程)(以下专业国内学习期间学费每年8.8万元至9.5万元,国外学习期间按留学生标准收费,详见院校招生章程)(中外合作办学)",农林经济管理,985,70,128
m_311008_33,中国农业大学,中国农业大学08,33,"计算机科学与技术(报考该专业有色觉要求,具体请查阅院校招生章程)(以下专业国内学习期间学费每年11万元,国外学习期间按留学生标准收费,详见院校招生章程)(中外合作办学)",计算机科学与技术,985,71,128
m_311008_32,中国农业大学,中国农业大学08,32,"人工智能(以下专业国内学习期间学费每年11万元,国外学习期间按留学生标准收费,详见院校招生章程)(中外合作办学)",人工智能,985,71,128
m_312904_19,中央民族大学,中央民族大学04,19,环境科学(海淀校区)(中外合作办学),环境科学,985,72,128
m_312906_28,中央民族大学,中央民族大学06,28,数据科学与大数据技术(在海南省陵水黎族自治县黎安国际教育创新试验区学习)(中外合作办学),数据科学与大数据技术,985,77,128
m_714107_20,西北农林科技大学,西北农林科技大学07,20,"植物保护(报考该专业组有色觉要求,具体请查阅院校招生章程)(中外合作办学)",植物保护,985,80,128
m_714107_20,西北农林科技大学,西北农林科技大学07,20,"植物保护(报考该专业组有色觉要求,具体请查阅院校招生章程)(中外合作办学)",植物保护,985,81,128
m_714107_21,西北农林科技大学,西北农林科技大学07,21,"园艺(报考该专业组有色觉要求,具体请查阅院校招生章程)(中外合作办学)",园艺,985,81,128
m_714105_13,西北农林科技大学,西北农林科技大学05,13,农林经济管理(中外合作办学),农林经济管理,985,81,128
m_410106_32,东北大学,东北大学06,32,材料科学与工程(校本部)(建议外语语种为英语或法语的考生报考)(中外合作办学),材料科学与工程专业,985,82,118
m_332205_21,东北大学秦皇岛分校,东北大学秦皇岛分校05,21,"计算机科学与技术(以下专业须赴国外学习一年,具体出国培养模式等要求,须查阅院校招生章程并详询院校)(中外合作办学)",计算机科学与技术,985,84,128
m_332205_22,东北大学秦皇岛分校,东北大学秦皇岛分校05,22,"通信工程(以下专业须赴国外学习一年,具体出国培养模式等要求,须查阅院校招生章程并详询院校)(中外合作办学)",通信工程,985,84,128
m_332205_23,东北大学秦皇岛分校,东北大学秦皇岛分校05,23,"应用统计学(以下专业须赴国外学习一年,具体出国培养模式等要求,须查阅院校招生章程并详询院校)(中外合作办学)",应用统计学,985,84,128
m_332204_20,东北大学秦皇岛分校,东北大学秦皇岛分校04,20,"数学与应用数学(以下专业须赴国外学习一年,具体出国培养模式等要求,须查阅院校招生章程并详询院校)(中外合作办学)",数学与应用数学,985,85,128
m_420116_46,吉林大学,吉林大学16,46,"物理学(前卫南区)(第4年在俄罗斯托姆斯克理工大学学习,学费外方收取)(中外合作办学)",物理学,985,86,128
m_420115_45,吉林大学,吉林大学15,45,"数学与应用数学(前卫南区)(第4年在加拿大阿尔伯塔大学学习,学费外方收取)(中外合作办学)",数学与应用数学,985,87,128
m_310703_04,北京理工大学,北京理工大学03,04,会计学(中外合作办学),会计学,985,88,128
m_310706_18,北京理工大学,北京理工大学06,18,"车辆工程(以下专业学费待定,详询院校。在浙江省嘉兴市秀洲区油车港镇东方北路1940号学习)(中外合作办学)",车辆工程,985,89,128
m_310705_16,北京理工大学,北京理工大学05,16,能源与动力工程(以下专业在广东省珠海市唐家湾金凤路6号学习)(中外合作办学),能源与动力工程,985,89,128
m_310705_15,北京理工大学,北京理工大学05,15,航空航天工程(以下专业在广东省珠海市唐家湾金凤路6号学习)(中外合作办学),航空航天工程,985,89,128
m_310706_17,北京理工大学,北京理工大学06,17,"机械工程(以下专业学费待定,详询院校。在浙江省嘉兴市秀洲区油车港镇东方北路1940号学习)(中外合作办学)",机械工程,985,90,128
m_310706_18,北京理工大学,北京理工大学06,18,"车辆工程(以下专业学费待定,详询院校。在浙江省嘉兴市秀洲区油车港镇东方北路1940号学习)(中外合作办学)",车辆工程,985,90,128
m_320201_01,天津大学,天津大学01,01,"供应链管理(办学地点位于海南,与英国雷丁大学亨利商学院合作办学)(以下专业具体出国培养模式、学费等要求,须查阅院校招生章程并详询院校)(中外合作办学)",今年首招【供应链管理】-其余两个专业没批下来,985,92,118
m_320205_13,天津大学,天津大学05,13,"计算机科学与技术(内地与港澳台合作办学)(办学地点位于深圳,与香港理工大学合作办学)(以下专业具体出国培养模式、学费等要求,须查阅院校招生章程并详询院校)(中外合作办学)",首批招生计算机科学与技术,985,93,118
m_110215_52,东南大学,东南大学15,52,"智能制造工程(以下专业第一、二学年由东南大学一蒙纳士大学国际学院(苏州)管理,第三、四学年赴澳大利亚蒙纳士大学学习,期间学费按照澳方标准收取)(中外合作办学)",智能制造工程,985,98,128
m_110215_53,东南大学,东南大学15,53,"新能源科学与工程(以下专业第一、二学年由东南大学一蒙纳士大学国际学院(苏州)管理,第三、四学年赴澳大利亚蒙纳士大学学习,期间学费按照澳方标准收取)(中外合作办学)",新能源科学与工程,985,98,128
m_110215_51,东南大学,东南大学15,51,"机器人工程(以下专业第一、二学年由东南大学一蒙纳士大学国际学院(苏州)管理,第三、四学年赴澳大利亚蒙纳士大学学习,期间学费按照澳方标准收取)(中外合作办学)",机器人工程,985,98,128
m_311305_12,北京邮电大学,北京邮电大学05,12,"电信工程及管理(以下专业部分课程采用英语授课,第一学年在沙河校区学习,第二、三、四学年将根据学校规划安排在沙河校区或西土城路校区学习)(中外合作办学)",电信工程及管理,211,5,128
m_311305_13,北京邮电大学,北京邮电大学05,13,"物联网工程(以下专业部分课程采用英语授课,第一学年在沙河校区学习,第二、三、四学年将根据学校规划安排在沙河校区或西土城路校区学习)(中外合作办学)",物联网工程,211,6,128
m_311306_15,北京邮电大学,北京邮电大学06,15,"数字媒体技术(以下专业部分课程采用英语授课,在海南省陵水黎族自治县黎安国际教育创新试验区学习)(中外合作办学)",数字媒体技术,211,9,128
m_311306_14,北京邮电大学,北京邮电大学06,14,"信息与计算科学(以下专业部分课程采用英语授课,在海南省陵水黎族自治县黎安国际教育创新试验区学习)(中外合作办学)",信息与计算科学,211,10,128
m_311306_16,北京邮电大学,北京邮电大学06,16,"智能医学工程(以下专业部分课程采用英语授课,在海南省陵水黎族自治县黎安国际教育创新试验区学习)(中外合作办学)",智能医学工程,211,11,128
m_710506_20,西安电子科技大学,西安电子科技大学06,20,"电子信息工程(雁塔校区)(学生每学年结束需达到相应的法语水平测试标准方可升入下一学年,最终达到法语水平测试B2标准才能获得西安电子科技大学和法国蔚蓝海岸大学的双本科学位)(具体出国培养模式、学费等要求,须查阅院校招生章程并详询院校)(中外合作办学)",电子信息工程,211,13,128
m_710504_15,西安电子科技大学,西安电子科技大学04,15,"通信工程(雁塔校区)(以下专业具体出国培养模式、学费等要求,须查阅院校招生章程并详询院校)(中外合作办学)",通信工程,211,14,128
m_710504_16,西安电子科技大学,西安电子科技大学04,16,"数据科学与大数据技术(长安校区)(以下专业具体出国培养模式、学费等要求,须查阅院校招生章程并详询院校)(中外合作办学)",数据科学与大数据技术,211,15,128
m_312007_28,中央财经大学,中央财经大学07,28,"国际经济与贸易(国际贸易、金融风险管理)(以下专业学习地点待定,详询院校)(中外合作办学)",国际经济与贸易专业,211,16,118
m_311910_32,对外经济贸易大学,对外经济贸易大学10,32,"数据科学与大数据技术(以下专业在对外经济贸易大学学习三年,学费按99000元/生/学年收取,在美学费按照对方国际学生标准收取)(中外合作办学)",数据科学与大数据技术,211,17,128
m_311908_28,对外经济贸易大学,对外经济贸易大学08,28,"精算学(以下专业具体培养模式等要求,须查阅院校招生章程并详询院校)(中外合作办学)",精算学,211,18,128
m_311904_15,对外经济贸易大学,对外经济贸易大学04,15,"保险学(以下专业具体培养模式等要求,须查阅院校招生章程并详询院校)(中外合作办学)",保险学,211,19,128
m_110309_A1,南京航空航天大学,南京航空航天大学09,A1,"人工智能(以下专业第一二:三学年在南京市将军路校区学习,第四学年学习地点根据培养计划具体安排)(中外合作办学)",人工智能,211,20,128
m_110310_A2,南京航空航天大学,南京航空航天大学10,A2,"工业工程(以下专业第一二:三学年在南京市将军路校区学习,第四学年学习地点根据培养计划具体安排)(中外合作办学)",工业工程,211,21,128
m_110311_A4,南京航空航天大学,南京航空航天大学11,A4,"应用物理学(第一阶段学习地点在常州市天目湖校区,第二阶段学习地点根据培养计划具体安排,详询院校)(中外合作办学)",应用物理学-纳米工程,211,22,118
m_110308_A0,南京航空航天大学,南京航空航天大学08,A0,"自动化(航空电子与控制)(以下专业第一阶段学习地点在常州市天目湖校区,第二阶段学习地点根据培养计划具体安排,详询院校)(中外合作办学)",自动化,211,23,128
m_110311_A3,南京航空航天大学,南京航空航天大学11,A3,"飞行器控制与信息工程(第一阶段学习地点在南京市将军路校区,第二阶段学习地点根据培养计划具体安排,详询院校)(中外合作办学)",飞行器控制与信息工程,211,24,128
m_110405_49,南京理工大学,南京理工大学05,49,"机械工程(以下专业与法国梅斯国立工程师学院合作办学,四年均在江阴校区学习)(中外合作办学)",机械工程,211,25,128
m_110405_50,南京理工大学,南京理工大学05,50,"材料科学与工程(以下专业与法国梅斯国立工程师学院合作办学,四年均在江阴校区学习)(中外合作办学)",材料科学与工程,211,26,128
m_110406_51,南京理工大学,南京理工大学06,51,"工业设计(以下专业第一学年在江阴校区学习,第二、三学年在南京校区学习,第四学年赴英国考文垂大学学习,赴英期间学费按照英方标准收取)(中外合作办学)",工业设计,211,27,128
m_310510_15,北京交通大学,北京交通大学10,15,"纳米材料与技术(报考该专业有色觉要求,具体请查阅院校招生章程)(以下专业具体出国培养模式等要求,须查阅院校招生章程并详询院校,在北京校区学习)(中外合作办学)",纳米材料与技术,211,29,128
m_310511_16,北京交通大学,北京交通大学11,16,"机械电子工程(以下专业具体出国培养模式等要求,须查阅院校招生章程并详询院校,在北京校区学习)(中外合作办学)",机械电子工程,211,30,128
m_260303_03,北京交通大学(威海校区),北京交通大学(威海校区)03,03,通信工程(专业课全英文授课)(中外合作办学),通信工程,211,31,128
m_260303_04,北京交通大学(威海校区),北京交通大学(威海校区)03,04,计算机科学与技术(专业课全英文授课)(中外合作办学),计算机科学与技术,211,32,128
m_260303_05,北京交通大学(威海校区),北京交通大学(威海校区)03,05,"环境工程(专业课全英文授课)(报考该专业有色觉要求,具体请查阅院校招生章程)(中外合作办学)",环境工程,211,33,128
m_260302_02,北京交通大学(威海校区),北京交通大学(威海校区)02,02,会计学(专业课全英文授课)(中外合作办学),会计学,211,34,128
m_260301_01,北京交通大学(威海校区),北京交通大学(威海校区)01,01,工商管理(专业课全英文授课)(中外合作办学),工商管理,211,35,128
m_430222_40,哈尔滨工程大学,哈尔滨工程大学22,40,"土木工程(校本部)(与英国阿伯丁大学合作,采用“3+1”模式,中英文授课,入学后不得转专业)(具体出国培养模式、学费等要求,须查阅院校招生章程并详询院校)(中外合作办学)",土木工程,211,37,128
m_430221_39,哈尔滨工程大学,哈尔滨工程大学21,39,"电子信息工程(与英国阿伯丁大学合作)(以下专业采用“3+1”模式,中英文授课,在校本部学习,入学后不得转专业。具体出国培养模式、学费等要求,须查阅院校招生章程并详询院校。)(中外合作办学)",电子信息工程,211,38,128
m_430221_38,哈尔滨工程大学,哈尔滨工程大学21,38,"材料物理(与英国斯旺西大学合作)(报考该专业有色觉要求,具体请查阅院校招生章程)(以下专业采用“3+1”模式,中英文授课,在校本部学习,入学后不得转专业。具体出国培养模式、学费等要求,须查阅院校招生章程并详询院校。)(中外合作办学)",材料物理,211,39,128
m_430221_37,哈尔滨工程大学,哈尔滨工程大学21,37,"机械设计制造及其自动化(与英国斯旺西大学合作)(以下专业采用“3+1”模式,中英文授课,在校本部学习,入学后不得转专业。具体出国培养模式、学费等要求,须查阅院校招生章程并详询院校。)(中外合作办学)",机械设计制造及其自动化,211,40,128
m_430220_36,哈尔滨工程大学,哈尔滨工程大学20,36,"工业设计(校本部)(与英国伦敦城市大学合作,""4+0""模式,中英文授课,入学后不得转专业。学费标准以实际批复为准)(具体出国培养模式、学费等要求,须查阅院校招生章程并详询院校)(报考该专业组有色觉要求,具体请查阅院校招生章程)(中外合作办学)",工业设计,211,41,128
m_312305_11,中国传媒大学,中国传媒大学05,11,传播学(中外合作办学),传播学,211,42,128
m_312305_10,中国传媒大学,中国传媒大学05,10,广告学(中外合作办学),广告学,211,43,128
m_312310_18,中国传媒大学,中国传媒大学10,18,数字经济(中外合作办学),数字经济,211,44,128
m_312314_28,中国传媒大学,中国传媒大学14,28,"数字媒体技术(报考以下专业须查阅院校招生章程,在海南省陵水黎族自治县黎安国际教育创新试验区学习)(中外合作办学)",数字媒体技术,211,45,128
m_312314_29,中国传媒大学,中国传媒大学14,29,"智能科学与技术(报考以下专业须查阅院校招生章程,在海南省陵水黎族自治县黎安国际教育创新试验区学习)(中外合作办学)",智能科学与技术,211,46,128
m_311605_27,北京外国语大学,北京外国语大学05,27,外交学(中外合作办学),外交学,211,48,128
m_311609_53,北京外国语大学,北京外国语大学09,53,大数据管理与应用(中外合作办学),大数据管理与应用,211,49,128
m_520702_06,武汉理工大学,武汉理工大学02,06,"金融学(与澳大利亚纽卡斯尔大学合办,部分课程采用英语授课、考核,出国培养模式详询院校)(以下专业在军山校区学习)(中外合作办学)",金融学,211,50,128
m_520711_43,武汉理工大学,武汉理工大学11,43,"车辆工程(与英国伦敦布鲁内尔大学合办,4+0培养模式,部分课程采用英语授课、考核)(军山校区)(中外合作办学)",车辆工程,211,51,128
m_520712_44,武汉理工大学,武汉理工大学12,44,"车辆工程(与英国威尔士三一圣大卫大学合办,4+0培养模式,部分课程采用英语授课、考核)(军山校区)(中外合作办学)",车辆工程,211,52,126
m_520714_46,武汉理工大学,武汉理工大学14,46,"生物科学类(生物技术、制药工程)(与法国艾克斯马赛大学合办,4+0培养模式,部分课程采用法语授课、考核)(以下专业有色觉要求,在校本部学习)(中外合作办学)",生物科学类,211,53,128
m_520713_45,武汉理工大学,武汉理工大学13,45,"材料科学与工程(与澳大利亚蒙纳士大学合办,2+2培养模式,部分课程采用英语授课、考核)(军山校区)(中外合作办学)",材料科学与工程,211,54,128
m_520711_43,武汉理工大学,武汉理工大学11,43,"车辆工程(与英国伦敦布鲁内尔大学合办,4+0培养模式,部分课程采用英语授课、考核)(军山校区)(中外合作办学)",车辆工程,211,55,128
m_520715_47,武汉理工大学,武汉理工大学15,47,"数字经济(与澳大利亚伍伦贡大学合办,4+0培养模式,部分课程采用英语授课、考核)(军山校区)(中外合作办学)",数字经济,211,56,128
m_610211_43,西南交通大学,西南交通大学11,43,"土木工程(以下专业在东部国际校区学习,以下专业具体出国培养模式、学费等要求,须查阅院校招生章程并详询院校)(中外合作办学)",土木工程,211,57,128
m_610211_38,西南交通大学,西南交通大学11,38,"材料科学与工程(以下专业在东部国际校区学习,以下专业具体出国培养模式、学费等要求,须查阅院校招生章程并详询院校)(中外合作办学)",材料科学与工程,211,58,128
m_610211_36,西南交通大学,西南交通大学11,36,"机械设计制造及其自动化(以下专业在东部国际校区学习,以下专业具体出国培养模式、学费等要求,须查阅院校招生章程并详询院校)(中外合作办学)",机械设计制造及其自动化,211,59,128
m_610211_42,西南交通大学,西南交通大学11,42,"计算机科学与技术(以下专业在东部国际校区学习,以下专业具体出国培养模式、学费等要求,须查阅院校招生章程并详询院校)(中外合作办学)",计算机科学与技术,211,60,128
m_610211_40,西南交通大学,西南交通大学11,40,"电子信息工程(以下专业在东部国际校区学习,以下专业具体出国培养模式、学费等要求,须查阅院校招生章程并详询院校)(中外合作办学)",电子信息工程,211,61,128
m_610211_41,西南交通大学,西南交通大学11,41,"通信工程(以下专业在东部国际校区学习,以下专业具体出国培养模式、学费等要求,须查阅院校招生章程并详询院校)(中外合作办学)",通信工程,211,62,128
m_610211_37,西南交通大学,西南交通大学11,37,"工业设计(以下专业在东部国际校区学习,以下专业具体出国培养模式、学费等要求,须查阅院校招生章程并详询院校)(中外合作办学)",工业设计,211,63,128
m_610211_39,西南交通大学,西南交通大学11,39,"高分子材料与工程(报考该专业有色觉要求,具体请查阅院校招生章程)(以下专业在东部国际校区学习,以下专业具体出国培养模式、学费等要求,须查阅院校招生章程并详询院校)(中外合作办学)",高分子材料与工程,211,64,128
m_610208_26,西南交通大学,西南交通大学08,26,"环境工程(犀浦校区)(报考该专业有色觉要求,具体请查阅院校招生章程)(以下专业具体出国培养模式、学费等要求,须查阅院校招生章程并详询院校)(中外合作办学)",环境工程,211,65,128
m_610208_27,西南交通大学,西南交通大学08,27,"安全工程(犀浦校区)(以下专业具体出国培养模式、学费等要求,须查阅院校招生章程并详询院校)(中外合作办学)",安全工程,211,66,128
m_230205_16,合肥工业大学,合肥工业大学05,16,"数字经济(该专业学生在校期间不得申请转专业)(本专业拟按79000元/年收费,实际收费以物价(或主管)部门批复为准)(报考该专业须查阅院校招生章程)(以下专业在合肥校区学习)(中外合作办学)",数字经济,211,68,128
m_210403_41,华东理工大学,华东理工大学03,41,"化学工程与工艺(中外合作办学)(精英班)(只录取有专业志愿的考生)(以下专业在奉贤校区和徐汇校区学习,新生入校后首先进入奉贤校区就读,后续阶段根据学校发展规划及专业特点,适时调整就读校区。报考该专业组部分专业有色觉等要求,具体请查阅院校招生章程)",化学工程与工艺,211,71,128
m_210403_43,华东理工大学,华东理工大学03,43,"高分子材料与工程(中外合作办学)(精英班)(只录取有专业志愿的考生)(以下专业在奉贤校区和徐汇校区学习,新生入校后首先进入奉贤校区就读,后续阶段根据学校发展规划及专业特点,适时调整就读校区。报考该专业组部分专业有色觉等要求,具体请查阅院校招生章程)",精英班,211,71,103
m_210403_42,华东理工大学,华东理工大学03,42,"应用化学(中外合作办学)(精英班)(只录取有专业志愿的考生)(以下专业在奉贤校区和徐汇校区学习,新生入校后首先进入奉贤校区就读,后续阶段根据学校发展规划及专业特点,适时调整就读校区。报考该专业组部分专业有色觉等要求,具体请查阅院校招生章程)",应用化学,211,72,128
m_210403_43,华东理工大学,华东理工大学03,43,"高分子材料与工程(中外合作办学)(精英班)(只录取有专业志愿的考生)(以下专业在奉贤校区和徐汇校区学习,新生入校后首先进入奉贤校区就读,后续阶段根据学校发展规划及专业特点,适时调整就读校区。报考该专业组部分专业有色觉等要求,具体请查阅院校招生章程)",精英班,211,72,103
m_210403_43,华东理工大学,华东理工大学03,43,"高分子材料与工程(中外合作办学)(精英班)(只录取有专业志愿的考生)(以下专业在奉贤校区和徐汇校区学习,新生入校后首先进入奉贤校区就读,后续阶段根据学校发展规划及专业特点,适时调整就读校区。报考该专业组部分专业有色觉等要求,具体请查阅院校招生章程)",高分子材料与工程,211,73,128
m_210403_43,华东理工大学,华东理工大学03,43,"高分子材料与工程(中外合作办学)(精英班)(只录取有专业志愿的考生)(以下专业在奉贤校区和徐汇校区学习,新生入校后首先进入奉贤校区就读,后续阶段根据学校发展规划及专业特点,适时调整就读校区。报考该专业组部分专业有色觉等要求,具体请查阅院校招生章程)",精英班,211,74,103
m_210403_43,华东理工大学,华东理工大学03,43,"高分子材料与工程(中外合作办学)(精英班)(只录取有专业志愿的考生)(以下专业在奉贤校区和徐汇校区学习,新生入校后首先进入奉贤校区就读,后续阶段根据学校发展规划及专业特点,适时调整就读校区。报考该专业组部分专业有色觉等要求,具体请查阅院校招生章程)",高分子材料与工程,211,75,128
m_210403_44,华东理工大学,华东理工大学03,44,"高分子材料与工程(中外合作办学)(中奥合作创新班)(只录取有专业志愿的考生)(以下专业在奉贤校区和徐汇校区学习,新生入校后首先进入奉贤校区就读,后续阶段根据学校发展规划及专业特点,适时调整就读校区。报考该专业组部分专业有色觉等要求,具体请查阅院校招生章程)",中奥合作创新班,211,75,103
m_211207_20,上海大学,上海大学07,20,"土木工程(中葡合作)(以下专业在宝山校区学习,报考该专业组部分专业有色觉要求,具体请查阅院校招生章程)(中外合作办学)",土木工程,211,76,128
m_211207_21,上海大学,上海大学07,21,"环境工程(中葡合作)(以下专业在宝山校区学习,报考该专业组部分专业有色觉要求,具体请查阅院校招生章程)(中外合作办学)",环境工程,211,77,128
m_211207_19,上海大学,上海大学07,19,"电气工程及其自动化(中葡合作)(以下专业在宝山校区学习,报考该专业组部分专业有色觉要求,具体请查阅院校招生章程)(中外合作办学)",电气工程及其自动化,211,78,128
m_211207_17,上海大学,上海大学07,17,"机械工程(中法合作)(以下专业在宝山校区学习,报考该专业组部分专业有色觉要求,具体请查阅院校招生章程)(中外合作办学)",机械工程,211,80,128
m_211207_18,上海大学,上海大学07,18,"信息工程(中法合作)(以下专业在宝山校区学习,报考该专业组部分专业有色觉要求,具体请查阅院校招生章程)(中外合作办学)",信息工程,211,81,128
m_211205_10,上海大学,上海大学05,10,金融学(中澳合作)(以下专业在嘉定校区学习)(中外合作办学),金融学,211,82,128
m_211205_08,上海大学,上海大学05,08,国际经济与贸易(中澳合作)(以下专业在嘉定校区学习)(中外合作办学),国际经济与贸易,211,83,128
m_211205_09,上海大学,上海大学05,09,信息管理与信息系统(中澳合作)(以下专业在嘉定校区学习)(中外合作办学),信息管理与信息系统,211,85,128
m_120107_10,江南大学,江南大学07,10,"工商管理(第四学年赴澳大利亚莫纳什大学学习,国外学习阶段学费按协议执行)(以下专业在蠡湖校区学习)(中外合作办学)",工商管理,211,104,128
m_120135_65,江南大学,江南大学35,65,"大数据管理与应用(第四学年赴澳大利亚莫纳什大学学习,国外学习阶段学费按协议执行)(以下专业在蠡湖校区学习)(中外合作办学)",大数据管理与应用,211,105,128
m_120136_66,江南大学,江南大学36,66,"食品科学与工程(第四学年赴新西兰梅西大学学习,国外学习阶段学费按协议执行)(以下专业在蠡湖校区学习)(中外合作办学)",食品科学与工程,211,106,128
m_520608_37,中南财经政法大学,中南财经政法大学08,37,人工智能(中外合作办学),人工智能,211,122,128
m_520608_37,中南财经政法大学,中南财经政法大学08,37,人工智能(中外合作办学),人工智能,211,123,128
m_520603_18,中南财经政法大学,中南财经政法大学03,18,电影学(中外合作办学),电影学,211,124,128
m_610306_35,西南财经大学,西南财经大学06,35,金融数学(“4+0”模式(国内4年))(中外合作办学),金融数学,211,129,128
m_610302_02,西南财经大学,西南财经大学02,02,"会计学(“3+1”模式(国内3年+国外1年),在外方高校就读期间,按外方高校学费标准缴纳学费)(中外合作办学)",会计学,211,131,128
m_610302_04,西南财经大学,西南财经大学02,04,"国际商务(“3+1”模式(国内3年+国外1年),在外方高校就读期间,按外方高校学费标准缴纳学费)(中外合作办学)",国际商务,211,132,128
m_610302_03,西南财经大学,西南财经大学02,03,市场营销(金融服务与营销)(“4+0”模式(国内4年))(中外合作办学),市场营销,211,133,128
m_610306_35,西南财经大学,西南财经大学06,35,金融数学(“4+0”模式(国内4年))(中外合作办学),金融数学,211,134,128
m_610306_36,西南财经大学,西南财经大学06,36,大数据管理与应用(“4+0”模式(国内4年))(中外合作办学),大数据管理与应用,211,135,128
m_610306_37,西南财经大学,西南财经大学06,37,供应链管理(“4+0”模式(国内4年))(中外合作办学),供应链管理,211,136,128
m_620203_08,西南大学,西南大学03,08,"心理学(“3+1”模式(国内3年+国外1年),在外方高校就读期间,按外方高校学费标准缴纳学费)(报考该专业有色觉要求,具体出国培养模式、学费等要求,须查阅院校招生章程并详询院校)(中外合作办学)",心理学,211,137,128
m_620217_52,西南大学,西南大学17,52,"软件工程(“4+0”模式(国内4年))(具体出国培养模式、学费等要求,须查阅院校招生章程并详询院校)(中外合作办学)",软件工程,211,138,128
m_620211_29,西南大学,西南大学11,29,"生物技术(“3+1”模式(国内3年+国外1年)或“4+0”模式(国内4年),在外方高校就读期间,按外方高校学费标准缴纳学费)(报考该专业有色觉要求,具体出国培养模式、学费等要求,须查阅院校招生章程并详询院校)(中外合作办学)",生物技术,211,140,128
m_620219_54,西南大学,西南大学19,54,"计算机科学与技术(“3+1”模式(国内3年+国外1年),在外方高校就读期间,按外方高校学费标准缴纳学费)(报考该专业有色觉要求,具体出国培养模式、学费等要求,须查阅院校招生章程并详询院校)(中外合作办学)",计算机科学与技术,211,144,128
m_620216_51,西南大学,西南大学16,51,"药学(“3+1”模式(国内3年+国外1年),在外方高校就读期间,按外方高校学费标准缴纳学费)(报考该专业有色觉要求,具体出国培养模式、学费等要求,须查阅院校招生章程并详询院校)(中外合作办学)",药学,211,145,128
m_620218_53,西南大学,西南大学18,53,"植物科学与技术(“3+1”模式(国内3年+国外1年)或“4+0”模式(国内4年),在外方高校就读期间,按外方高校学费标准缴纳学费)(报考该专业有色觉要求,具体出国培养模式、学费等要求,须查阅院校招生章程并详询院校)(中外合作办学)",植物科学与技术,211,146,128
m_710307_17,陕西师范大学,陕西师范大学07,17,电子信息科学与技术(长安校区)(报考该专业须查阅院校招生章程)(中外合作办学),电子信息科学与技术,211,148,128
m_710307_18,陕西师范大学,陕西师范大学07,18,物理学(长安校区)(报考该专业须查阅院校招生章程)(中外合作办学),物理学,211,149,128
m_420204_04,东北师范大学,东北师范大学04,04,物流管理(净月大街校区)(中外合作办学),物流管理,211,153,128
m_420203_03,东北师范大学,东北师范大学03,03,金融学(净月大街校区)(中外合作办学),金融学,211,154,128
m_420209_09,东北师范大学,东北师范大学09,09,市场营销(净月大街校区)(中外合作办学),市场营销,211,155,128
m_110712_69,南京农业大学,南京农业大学12,69,"食品科学与工程(报考该专业有色觉要求,具体请查阅院校招生章程)(中外合作办学)",食品科学与工程,211,158,128
m_110713_71,南京农业大学,南京农业大学13,71,"机械工程(第四学年须赴英国思克莱德大学学习,赴英期间学费按照英方收费标准收取)(以下专业第一二、三学年在中国学习,第四学年须赴英国思克莱德大学学习,赴英期间学费按照英方收费标准收取。本项目不接收无出国意愿的考生)(中外合作办学)",机械工程,211,159,128
m_110713_70,南京农业大学,南京农业大学13,70,"统计学(第四学年须赴英国思克莱德大学学习,赴英期间学费按照英方收费标准收取)(以下专业第一二、三学年在中国学习,第四学年须赴英国思克莱德大学学习,赴英期间学费按照英方收费标准收取。本项目不接收无出国意愿的考生)(中外合作办学)",统计学,211,160,128
m_110713_72,南京农业大学,南京农业大学13,72,"数据科学与大数据技术(第四学年须赴英国思克莱德大学学习,赴英期间学费按照英方收费标准收取)(以下专业第一二、三学年在中国学习,第四学年须赴英国思克莱德大学学习,赴英期间学费按照英方收费标准收取。本项目不接收无出国意愿的考生)(中外合作办学)",数据科学与大数据技术,211,161,128
m_710707_37,长安大学,长安大学07,37,人工智能(北校区)(非英语语种考生慎重报考)(报考该专业须查阅院校招生章程)(中外合作办学),人工智能,211,166,128
m_710709_46,长安大学,长安大学09,46,"道路桥梁与渡河工程(以下专业在北校区学习,非英语语种考生慎重报考,报考以下专业须查阅院校招生章程)(中外合作办学)",道路桥梁与渡河工程,211,167,128
m_710709_47,长安大学,长安大学09,47,"车辆工程(以下专业在北校区学习,非英语语种考生慎重报考,报考以下专业须查阅院校招生章程)(中外合作办学)",车辆工程,211,168,128
m_710709_48,长安大学,长安大学09,48,"交通运输(以下专业在北校区学习,非英语语种考生慎重报考,报考以下专业须查阅院校招生章程)(中外合作办学)",交通运输,211,169,128
m_330706_22,河北工业大学,河北工业大学06,22,"计算机科学与技术(报考该专业有色觉要求,具体请查阅院校招生章程)(以下专业具体培养模式等要求,须查阅院校招生章程并详询院校)(中外合作办学)",计算机科学与技术,211,178,128
m_330706_21,河北工业大学,河北工业大学06,21,"电子信息工程(以下专业具体培养模式等要求,须查阅院校招生章程并详询院校)(中外合作办学)",电子信息工程,211,179,128
m_330706_22,河北工业大学,河北工业大学06,22,"计算机科学与技术(报考该专业有色觉要求,具体请查阅院校招生章程)(以下专业具体培养模式等要求,须查阅院校招生章程并详询院校)(中外合作办学)",计算机科学与技术,211,180,128
m_413208_20,大连海事大学,大连海事大学08,20,"电子信息工程(该专业组与英国思克莱德大学合作,非英语语种考生慎重报考。以下专业在校本部学习)(中外合作办学)",电子信息工程,211,191,128
m_413208_21,大连海事大学,大连海事大学08,21,"机械设计制造及其自动化(该专业组与英国思克莱德大学合作,非英语语种考生慎重报考。以下专业在校本部学习)(中外合作办学)",机械设计制造及其自动化,211,192,128
m_413201_01,大连海事大学,大连海事大学01,01,"法学(校本部)(外方合作学校为英国斯旺西大学,非英语语种考生慎重报考)(中外合作办学)",法学,211,194,128
m_413208_21,大连海事大学,大连海事大学08,21,"机械设计制造及其自动化(该专业组与英国思克莱德大学合作,非英语语种考生慎重报考。以下专业在校本部学习)(中外合作办学)",机械设计制造及其自动化,211,195,128
m_413208_20,大连海事大学,大连海事大学08,20,"电子信息工程(该专业组与英国思克莱德大学合作,非英语语种考生慎重报考。以下专业在校本部学习)(中外合作办学)",电子信息工程,211,196,128
m_413208_22,大连海事大学,大连海事大学08,22,"船舶与海洋工程(该专业组与英国思克莱德大学合作,非英语语种考生慎重报考。以下专业在校本部学习)(中外合作办学)",船舶与海洋工程,211,197,128
m_240106_21,福州大学,福州大学06,21,"电子信息工程(福州市旗山校区)(采用“4+0”培养模式,与爱尔兰国立梅努斯大学合作,报考以下专业须查阅院校招生章程并详询院校)(中外合作办学)",电子信息工程,211,198,128
m_240106_20,福州大学,福州大学06,20,"自动化(福州市旗山校区)(采用“4+0”培养模式,与爱尔兰国立梅努斯大学合作,报考以下专业须查阅院校招生章程并详询院校)(中外合作办学)",自动化,211,200,128
m_230303_19,安徽大学,安徽大学03,19,"数字媒体技术(该校要求报考该专业外语成绩不低于115分)(非英语语种考生慎重报考)(以下专业在龙河校区学习,部分课程全英文授课,具体请查阅院校招生章程)(中外合作办学)",数字媒体技术,211,205,128
m_230303_17,安徽大学,安徽大学03,17,"应用物理学(该校要求报考该专业外语成绩不低于115分)(非英语语种考生慎重报考)(以下专业在龙河校区学习,部分课程全英文授课,具体请查阅院校招生章程)(中外合作办学)",应用物理学,211,206,128
m_230303_18,安徽大学,安徽大学03,18,"应用统计学(该校要求报考该专业外语成绩不低于115分)(非英语语种考生慎重报考)(以下专业在龙河校区学习,部分课程全英文授课,具体请查阅院校招生章程)(中外合作办学)",应用统计学,211,207,128
m_710110_27,西北大学,西北大学10,27,智能科学与技术(长安校区)(中外合作办学),智能科学与技术,211,209,128
m_710108_25,西北大学,西北大学08,25,文物保护技术(长安校区)(中外合作办学),文物保护技术,211,211,128
m_710105_12,西北大学,西北大学05,12,金融数学(长安校区)(中外合作办学),金融数学,211,212,128
m_430305_21,东北林业大学,东北林业大学05,21,"计算机科学与技术(该专业与新西兰奥克兰大学合作办学,学生入校后可选择“4+0”或“3+2(校际交流)”培养模式,部分课程以英语授课,建议英语语种考生报考,具体要求详见学校网站介绍)(中外合作办学)",计算机科学与技术,211,214,126
m_430305_22,东北林业大学,东北林业大学05,22,"生物技术(该专业与新西兰奥克兰大学合作办学,学生入校后可选择“4+0”或“3+2(校际交流)”培养模式,部分课程以英语授课,建议英语语种考生报考,具体要求详见学校网站介绍)(中外合作办学)",生物技术,211,215,128
m_430305_23,东北林业大学,东北林业大学05,23,"化学(该专业与新西兰奥克兰大学合作办学,学生入校后可选择“4+0”或“3+2(校际交流)”培养模式,部分课程以英语授课,建议英语语种考生报考,具体要求详见学校网站介绍)(中外合作办学)",化学,211,216,128
m_430306_24,东北林业大学,东北林业大学06,24,"计算机科学与技术(海南国际学院)(与澳大利亚悉尼科技大学合作办学)(采取“3+1”培养模式,部分课程以英语授课,建议英语语种考生报考,具体要求详见学校网站介绍)(中外合作办学)",计算机科学与技术,211,217,126
m_430305_21,东北林业大学,东北林业大学05,21,"计算机科学与技术(该专业与新西兰奥克兰大学合作办学,学生入校后可选择“4+0”或“3+2(校际交流)”培养模式,部分课程以英语授课,建议英语语种考生报考,具体要求详见学校网站介绍)(中外合作办学)",计算机科学与技术,211,218,128
m_430305_23,东北林业大学,东北林业大学05,23,"化学(该专业与新西兰奥克兰大学合作办学,学生入校后可选择“4+0”或“3+2(校际交流)”培养模式,部分课程以英语授课,建议英语语种考生报考,具体要求详见学校网站介绍)(中外合作办学)",化学,211,219,128
m_430305_21,东北林业大学,东北林业大学05,21,"计算机科学与技术(该专业与新西兰奥克兰大学合作办学,学生入校后可选择“4+0”或“3+2(校际交流)”培养模式,部分课程以英语授课,建议英语语种考生报考,具体要求详见学校网站介绍)(中外合作办学)",计算机科学与技术,211,220,128
m_430305_22,东北林业大学,东北林业大学05,22,"生物技术(该专业与新西兰奥克兰大学合作办学,学生入校后可选择“4+0”或“3+2(校际交流)”培养模式,部分课程以英语授课,建议英语语种考生报考,具体要求详见学校网站介绍)(中外合作办学)",生物技术,211,221,128
m_430303_08,东北林业大学,东北林业大学03,08,"工程管理(与英国阿斯顿大学合作办学)(采取“3+1”培养模式,该专业部分课程以英语授课,建议英语语种考生报考,具体要求详见学校网站介绍)(中外合作办学)",工程管理,211,222,128
m_250505_30,南昌大学,南昌大学05,30,"临床医学(前湖校区)(采用“5+0”培养模式,报考该专业有色觉等要求,须查阅院校招生章程并详询院校)(中外合作办学)",临床医学,211,223,128
m_250509_38,南昌大学,南昌大学09,38,"医学检验技术(前湖校区)(采用“4+0”培养模式,报考该专业有色觉等要求,须查阅院校招生章程并详询院校)(中外合作办学)",医学检验技术,211,224,128
m_250508_37,南昌大学,南昌大学08,37,"数据科学与大数据技术(前湖校区)(采用“4+0”培养模式,报考该专业须查阅院校招生章程并详询院校)(中外合作办学)",数据科学与大数据技术,211,225,128
m_250507_35,南昌大学,南昌大学07,35,"计算机科学与技术(前湖校区)(报考该专业有色觉要求,具体请查阅院校招生章程)(以下专业采用“4+0”培养模式,中英双语教学,拟按80000元/年收费,实际收费以物价或主管部门批复为准,报考以下专业须查阅院校招生章程并详询院校)(中外合作办学)",计算机科学与技术,211,226,128
m_250507_36,南昌大学,南昌大学07,36,"软件工程(前湖校区)(以下专业采用“4+0”培养模式,中英双语教学,拟按80000元/年收费,实际收费以物价或主管部门批复为准,报考以下专业须查阅院校招生章程并详询院校)(中外合作办学)",软件工程,211,227,128
m_640108_19,云南大学,云南大学08,19,人工智能(与马来西亚马来亚大学合作)(以下专业在呈贡校区学习)(中外合作办学),人工智能,211,228,128
m_640106_11,云南大学,云南大学06,11,材料科学与工程(与马来西亚马来亚大学合作)(以下专业在呈贡校区学习)(中外合作办学),材料科学与工程,211,229,128
m_630106_06,贵州大学,贵州大学06,06,机械设计制造及其自动化(该校要求报考该专业外语成绩不低于75分)(报考以下专业须查阅院校招生章程并详询院校)(中外合作办学),机械设计制造及其自动化,211,232,128
m_630105_05,贵州大学,贵州大学05,05,"化学工程与工艺(该校要求报考该专业外语成绩不低于75分)(报考以下专业有色觉等要求,具体请查阅院校招生章程并详询院校)(中外合作办学)",化学工程与工艺,211,233,128
m_630107_07,贵州大学,贵州大学07,07,环境科学(该校要求报考该专业外语成绩不低于75分)(报考以下专业须查阅院校招生章程并详询院校)(中外合作办学),环境科学,211,234,128
m_560110_39,海南大学,海南大学10,39,"智能科学与技术(海甸校区)(部分英文授课,非英语语种考生慎重报考)(中外合作办学)",智能科学与技术,211,237,128
m_560106_17,海南大学,海南大学06,17,"人文地理与城乡规划(观澜湖校区)(部分英文授课,非英语语种考生慎重报考)(中外合作办学)",人文地理与城乡规划,211,238,128
m_560101_04,海南大学,海南大学01,04,"酒店管理(以下专业在观澜湖校区学习,非英语语种考生慎重报考,具体请查阅院校招生章程)(中外合作办学)",酒店管理,211,239,128
m_560101_02,海南大学,海南大学01,02,"行政管理(以下专业在观澜湖校区学习,非英语语种考生慎重报考,具体请查阅院校招生章程)(中外合作办学)",行政管理,211,240,128
m_560108_21,海南大学,海南大学08,21,"电子商务(观澜湖校区)(部分英文授课,非英语语种考生慎重报考)(中外合作办学)",电子商务,211,241,128
m_560101_01,海南大学,海南大学01,01,"会展经济与管理(以下专业在观澜湖校区学习,非英语语种考生慎重报考,具体请查阅院校招生章程)(中外合作办学)",会展经济与管理,211,243,128
m_410206_12,辽宁大学,辽宁大学06,12,金融学(亚澳商学院)(蒲河校区)(非英语语种考生慎重报考)(中外合作办学),金融学,211,246,128
m_410208_14,辽宁大学,辽宁大学08,14,会计学(亚澳商学院)(蒲河校区)(非英语语种考生慎重报考)(中外合作办学),会计学,211,247,128
m_410209_15,辽宁大学,辽宁大学09,15,国际商务(亚澳商学院)(蒲河校区)(非英语语种考生慎重报考)(中外合作办学),国际商务,211,248,128
m_410208_14,辽宁大学,辽宁大学08,14,会计学(亚澳商学院)(蒲河校区)(非英语语种考生慎重报考)(中外合作办学),会计学,211,249,128
m_410203_09,辽宁大学,辽宁大学03,09,工商管理(新华国际商学院)(蒲河校区)(非英语语种考生慎重报考)(中外合作办学),工商管理,211,250,128
m_410205_11,辽宁大学,辽宁大学05,11,市场营销(新华国际商学院)(蒲河校区)(非英语语种考生慎重报考)(中外合作办学),市场营销,211,251,128
m_110906_24,中国药科大学,中国药科大学06,24,"药学(第四学年赴英国斯特拉斯克莱德大学学习,国外学费按照英国标准收取)(报考该专业有色觉要求,具体请查阅院校招生章程)(中外合作办学)",药学,211,255,128
m_110907_25,中国药科大学,中国药科大学07,25,"临床药学(第三、四学年赴英国曼彻斯特大学学习,第五学年在国内学习,国外学费按照英国标准收取)(报考该专业有色觉要求,具体请查阅院校招生章程)(中外合作办学)",临床药学,211,256,128
m_110833_C2,南京师范大学,南京师范大学33,C2,"电气工程及其自动化(第四学年赴英国诺森比亚大学学习,学费按照英方标准收取)(中外合作办学)",电气工程及其自动化,211,257,128
m_110826_93,南京师范大学,南京师范大学26,93,"金融数学(与澳大利亚麦考瑞大学合作,四年均在南京师范大学学习)(中外合作办学)",金融数学,211,258,128
m_110832_C1,南京师范大学,南京师范大学32,C1,"环境科学(与澳大利亚麦考瑞大学合作办学,四年均在南京师范大学学习)(中外合作办学)",环境科学,211,259,128
m_110832_C0,南京师范大学,南京师范大学32,C0,"计算机科学与技术(与澳大利亚麦考瑞大学合作办学,四年均在南京师范大学学习)(中外合作办学)",计算机科学,211,260,113
