sourceSheet,sourceRow,school,majorText,plan2026,college,partner
985,7,浙江大学,生物医学、生物信息学,是,浙江大学爱丁堡大学联合学院,爱丁堡大学
985,8,浙江大学,机械工程、电气工程及其自动化、电子与计算机工程、土木工程,否,浙江大学爱丁堡大学联合学院,伊利诺伊大学厄巴纳香槟校区
985,10,同济大学,数据科学与大数据技术、信息管理与信息系统、,26年暂不招,中德工程学院,德国亚琛应用科技大学等34所应用科技大学
985,11,北京航空航天大学,交通运输、飞行器适航技术、测控技术与仪器、电子信息工程,是,北航中法航空学院,法国国立民航大学
985,13,北京航空航天大学,人工智能、数学与应用数学、信计、应用物理学,是,中法工程师学院（本部）和之前的工程力学性质是一样的，不在杭州,法国中央理工大学集团
985,15,中国人民大学,法语、数学与应用数学,是,中法学院,法国巴黎索邦大学
985,16,中国人民大学,国民经济管理、人力资源管理、传播学（国际新闻传播方向）,是,中法学院,蒙彼利埃保罗—瓦莱里大学
985,17,中国人民大学,金融学,是,中法学院,KEDGE商学院
985,18,中国人民大学,数据科学与大数据技术,是,中法学院,索邦大学
985,19,电子科技大学,(电子信息)(包含专业电子信息工程),是,电子科技大学格拉斯哥学院,英国格拉斯哥大学
985,20,电子科技大学,(通信、微电子)(包含专业通信工程、微电子科学与工程),是,电子科技大学格拉斯哥学院,英国格拉斯哥大学
985,21,电子科技大学,软件工程（暂不确定招生形式，是否放在电子信息类招生，要等招办最后的消息）,是,格拉斯哥海南学院,英国格拉斯哥大学
985,22,电子科技大学,"电子信息类(包含专业通信工程、电子信息工程、微电子科学与工程)
（26年新增微电子科学与工程）",是,格拉斯哥海南学院,英国格拉斯哥大学
985,29,武汉大学,药学,是,药学院,新西兰奥克兰大学
985,38,哈尔滨工业大学,船舶与海洋工程（威海）,是,海洋科学与工程国际学院,斯克莱德大学
985,39,哈尔滨工业大学,通信工程（深圳）,是,信息科学与技术学院,汉阳大学
985,40,哈尔滨工业大学,智能材料与结构（威海）,是,材料科学与工程学院,汉阳大学
985,43,大连理工大学,应用物理学、工程力学,是,大连理工大学白俄罗斯国立大学联合学院,白俄罗斯国立大学
985,44,大连理工大学,数学与应用数学,是,大连理工大学白俄罗斯国立大学联合学院,白俄罗斯国立大学
985,45,大连理工大学,机械设计制造及其自动化,是,机械工程学院,加州大学欧文分校
985,49,山东大学（威海）,经济学、国际经济与贸易、供应链管理,是 (首届),山东大学怀卡托国际商学院,新西兰怀卡托大学
985,50,中山大学,核工程与核技术,是,中山大学中法核工程与技术学院,法国民用核能工程师教学联盟
985,56,兰州大学,计算机科学与技术,否,信息科学与工程学院,德雷塞尔大学
985,57,兰州大学,环境设计,是,威尔士学院,威尔士三一圣大卫大学
985,58,兰州大学,视觉传达设计,是,威尔士学院,威尔士三一圣大卫大学
985,68,中国海洋大学,生物技术、食品科学与工程、数学与应用数学,否,海德学院,澳大利亚阿德莱德大学
985,73,中央民族大学,"视觉传达设计
分科类投档录取的省份，限文科或历史类考生报考",是,海南国际学院,英国密德萨斯大学
985,74,中央民族大学,"服装与服饰设计
分科类投档录取的省份，限文科或历史类考生报考",是,海南国际学院,英国密德萨斯大学
985,75,中央民族大学,"音乐学
分科类投档录取的省份，限文科或历史类考生报考",是,海南国际学院,英国密德萨斯大学
985,76,中央民族大学,"舞蹈表演
分科类投档录取的省份，限文科或历史类考生报考",是,海南国际学院,英国密德萨斯大学
985,78,西北农林科技大学,环境科学,否,海南国际学院,美国亚利桑那大学
985,79,西北农林科技大学,食品科学与工程,否,海南国际学院,美国内布拉斯加林肯大学
985,83,东北大学,生物医学工程专业,是,医学与生物信息工程学院,英国邓迪大学
985,91,天津大学,智能医学工程,是 (首届),天津大学福州国际联合学院,英国利物浦大学
985,94,天津大学,建筑学,否,深圳未来技术学院,法国波尔多国立高等建筑景观学院；波尔多蒙田大学
985,95,南开大学,电子商务,否,深圳未来技术学院,法国诺欧商学院，法国十大高商之一
985,96,厦门大学,"艺术类：
视觉传达设计
环境设计
数字媒体艺术",是,创意与创新学院,英国创意艺术大学
985,97,华南理工大学,工业设计（2025统招，以前是从大一新生里招）,是,设计学院,日本千叶大学
985,99,大连理工大学盘锦校区,智能建造、计算机科学与技术、生物医学工程,是 (首届),昆士兰科技国际工学院,澳大利亚昆士兰科技大学
985,100,大连理工大学盘锦校区,应用化学,是,大连理工大学莱斯特国际学院,英国莱斯特大学
985,101,大连理工大学盘锦校区,数理基础科学,是,大连理工大学莱斯特国际学院,英国莱斯特大学
985,102,大连理工大学盘锦校区,过程装备与控制工程,是,大连理工大学莱斯特国际学院,英国莱斯特大学
985,103,大连理工大学盘锦校区,环境生态工程,是,大连理工大学莱斯特国际学院,英国莱斯特大学
985,104,大连理工大学盘锦校区,药学,是,大连理工大学莱斯特国际学院,英国莱斯特大学
211,7,北京邮电大学,智能科学与技术,是,北京邮电大学国际学院,英国伦敦玛丽女王大学（QS110）
211,8,北京邮电大学,电子信息工程,是,北京邮电大学国际学院,英国伦敦玛丽女王大学（QS110）
211,28,北京交通大学,交通运输,是,交通运输学院,荷兰代尔夫特理工大学
211,36,北京交通大学(威海校区),数字媒体艺术,是,北京交通大学兰卡斯特大学学院,"英国兰卡斯特大学
qs全球前200（2024年第122位、2025年第141位、2026年第157位）"
211,47,中国传媒大学,视觉传达设计,是,海南国际学院,英国考文垂大学
211,67,合肥工业大学,国际经济与贸易,是,经济学院,美国克拉克大学
211,69,河海大学 常州校区,土木工程,是,河海里尔学院,法国里尔大学
211,70,河海大学 常州校区,机械工程,是,河海里尔学院,法国里尔大学
211,79,上海大学,材料科学与工程,是,中欧工程技术学院,法国技术大学集团
211,84,上海大学,工商管理（经管类方向）,是,悉尼工商学院,澳大利亚悉尼科技大学
211,86,北京工业大学,软件工程,是,北京-都柏林国际学院,爱尔兰国立都柏林大学
211,87,北京工业大学,电子信息工程,是,北京-都柏林国际学院,爱尔兰国立都柏林大学
211,88,北京工业大学,金融学,是,北京-都柏林国际学院,爱尔兰国立都柏林大学
211,89,北京工业大学,物联网工程,是,北京-都柏林国际学院,爱尔兰国立都柏林大学
211,90,北京化工大学,生物工程,是,国际教育学院,美国纽约州立大学ESF分校
211,91,北京化工大学,机械设计制造及其自动化,是,国际教育学院,美国底特律大学
211,92,北京化工大学,工业设计（偏艺术，不建议就读）,是,国际教育学院,意大利热那亚大学
211,93,北京化工大学,化工与制药类（含：化学工程与工艺、高分子材料与工程、生物工程,是,巴黎居里工程师学院,法国巴黎国家高等化学学校
211,94,中国矿业大学（徐州）,建筑环境与能源应用工程,是,力学与土木工程学院,澳大利亚皇家墨尔本理工大学
211,95,中国矿业大学（徐州）,土木工程,是,力学与土木工程学院,澳大利亚格里菲斯大学
211,96,中国地质大学（武汉）,自动化,是,中国地质大学（武汉）安哈尔特智能工程与可持续发展学院,德国安哈尔特应用技术大学
211,97,中国地质大学（武汉）,机械设计制造及其自动化,是,中国地质大学（武汉）安哈尔特智能工程与可持续发展学院,德国安哈尔特应用技术大学
211,98,中国地质大学（武汉）,地理空间信息工程,是,中国地质大学（武汉）安哈尔特智能工程与可持续发展学院,德国安哈尔特应用技术大学
211,99,中国地质大学（武汉）,地下水科学与工程,是,环境学院,加拿大滑铁卢大学
211,100,中国地质大学（武汉）,计算机科学与技术,是,计算机学院,澳大利亚科廷大学
211,101,中国地质大学（武汉）,数学与应用数学,是,数学与物理学院,澳大利亚西澳大学
211,102,中国地质大学（北京）,数字经济,是,海南国际学院,英国阿伯丁大学
211,103,中国地质大学（北京）,大数据管理与应用,是,海南国际学院,英国阿伯丁大学
211,107,暨南大学,数学与应用数学,是,暨南大学伯明翰大学联合学院,英国伯明翰大学
211,108,暨南大学,信息与计算科学,是,暨南大学伯明翰大学联合学院,英国伯明翰大学
211,109,暨南大学,经济学,是,暨南大学伯明翰大学联合学院,英国伯明翰大学
211,110,暨南大学,经济统计学,是,暨南大学伯明翰大学联合学院,英国伯明翰大学
211,111,暨南大学,酒店管理,是,暨南大学瑞士恺撒里兹学院深圳数智文旅学院,瑞士恺撒里兹学院
211,112,郑州大学,土木工程,是,国际学院,美国威斯康星大学普拉特维尔分校
211,113,郑州大学,机械工程,是,国际学院,美国威斯康星大学斯托特分校
211,114,郑州大学,材料科学与工程,是,国际学院,日本长冈技术科学大学
211,115,郑州大学,经济学,是,国际学院,波兰罗兹大学
211,116,郑州大学,通信工程,是,国际学院,澳大利亚伍伦贡大学
211,117,郑州大学,电子信息工程,是,国际学院,澳大利亚伍伦贡大学
211,118,郑州大学,计算机科学与技术,是,国际学院,澳大利亚伍伦贡大学
211,119,郑州大学,建筑学（五年）,是,惠灵顿学院,新西兰惠灵顿维多利亚大学
211,120,郑州大学,风景园林,是,惠灵顿学院,新西兰惠灵顿维多利亚大学
211,121,郑州大学,工业设计,是,惠灵顿学院,新西兰惠灵顿维多利亚大学
211,125,中南财经政法大学,动画,是,中韩新媒体学院,韩国釜山东西大学
211,126,中南财经政法大学,数字经济,否,加拿大阿尔伯塔大学合作申报的经济与金融本科教育项目、数字经济本科教育项目,加拿大阿尔伯塔大学
211,127,中南财经政法大学,经济与金融,否,加拿大阿尔伯塔大学合作申报的经济与金融本科教育项目、数字经济本科教育项目,加拿大阿尔伯塔大学
211,128,西南财经大学,信息管理与信息系统,否,特拉华数据科学学院,美国特拉华大学（今年停招）
211,130,西南财经大学,物流管理,否,特拉华数据科学学院,美国特拉华大学（今年停招）
211,139,西南大学,经济学,是,西塔学院,澳大利亚西澳大学
211,141,西南大学,"自动化 
4+0 2证
3+2 本硕",是,计算机与信息科学学院 软件学院,澳大利亚西澳大学
211,142,西南大学,电子信息工程,是,西塔学院,澳大利亚塔斯马尼亚大学
211,143,西南大学,食品质量与安全,是,西塔学院,澳大利亚塔斯马尼亚大学
211,147,西南大学,动物科学,是,动物科学技术学院,澳大利亚詹姆斯•库克大学
211,150,东北师范大学,计算机科学与技术,是,信息科学与技术学院,美国肯尼索州立大学
211,151,东北师范大学,英语,是,外国语学院,美国肯尼索州立大学
211,152,东北师范大学,会计学,是,经济与管理学院,美国南伊利诺伊大学
211,156,北京林业大学,木材科学与工程 （森林科学）,是,材料科学与技术学院,加拿大不列颠哥伦比亚大学
211,157,北京林业大学,生物技术,是,生物科学与技术学院,加拿大不列颠哥伦比亚大学
211,162,华中农业大学,园艺,是,华中农业大学林肯大学联合学院,新西兰林肯大学
211,163,华中农业大学,生态学,是,华中农业大学林肯大学联合学院,新西兰林肯大学
211,164,华中农业大学,农林经济管理,是,华中农业大学林肯大学联合学院,新西兰林肯大学
211,165,太原理工大学,机械设计制造及其自动化,是,机械工程学院,澳大利亚伍伦贡大学
211,170,中国石油大学（北京）,石油工程,是,塔尔萨国际能源学院,美国塔尔萨大学
211,171,中国石油大学（北京）,化学工程与工艺,是,塔尔萨国际能源学院,美国塔尔萨大学
211,172,中国石油大学（北京）,数据科学与大数据技术,是,塔尔萨国际能源学院,美国塔尔萨大学
211,173,中国石油大学（北京）,能源经济 （不限组）,是,塔尔萨国际能源学院,美国塔尔萨大学
211,174,河北工业大学,物联网工程,是,国际现代商贸物流学院,新西兰梅西大学
211,175,河北工业大学,机械设计制造及其自动化,是,芬兰校区,芬兰拉彭兰塔理工大学 26新增
211,176,河北工业大学,电气工程及其自动化,是,芬兰校区,芬兰拉彭兰塔理工大学 26新增
211,177,河北工业大学,能源与动力工程,是,芬兰校区,芬兰拉彭兰塔理工大学 26新增
211,181,河北工业大学,高分子材料与工程,是,利物浦学院（天津）,英国利物浦大学 26新增
211,182,河北工业大学,生物医学工程,是,利物浦学院（天津）,英国利物浦大学 26新增
211,183,河北工业大学,机械设计制造及其自动化,是,利物浦学院（天津）,英国利物浦大学 26新增
211,184,河北工业大学,机器人工程,是,利物浦学院（天津）,英国利物浦大学 26新增
211,185,河北工业大学,工业工程,是,卡普顿学院（廊坊）,加拿大卡普顿大学 26新增
211,186,河北工业大学,大数据管理与应用,是,卡普顿学院（廊坊）,加拿大卡普顿大学 26新增
211,187,河北工业大学,应用物理学,否,卡普顿学院（廊坊）,美国亚利桑那大学（25年取消）
211,188,河北工业大学,材料物理,否,卡普顿学院（廊坊）,美国亚利桑那大学（25年取消）
211,189,河北工业大学,机械设计制造及其自动化,否,卡普顿学院（廊坊）,美国亚利桑那大学（25年取消）
211,190,河北工业大学,环境工程,否,能源与环境工程学院,德国北豪森应用技术大学（25年取消）
211,193,大连海事大学,土木工程,否,大连海事大学休斯顿国际学院,美国休斯顿大学（取消）
211,199,福州大学,软件工程,是,福州大学梅努斯国际工程学院,爱尔兰国立梅努斯大学
211,201,福州大学,数字媒体技术,是,福州大学梅努斯国际工程学院,爱尔兰国立梅努斯大学
211,202,福州大学,数字媒体艺术,是,中俄艺术与科技国际学院,"俄罗斯国立工艺美术大学
26 新增"
211,203,福州大学,产品设计,是,中俄艺术与科技国际学院,"俄罗斯国立工艺美术大学
26 新增"
211,204,福州大学,环境设计,是,中俄艺术与科技国际学院,"俄罗斯国立工艺美术大学
26 新增"
211,208,西北大学,电子信息科学与技术,是,信息学院,英国埃塞克斯大学
211,210,西北大学,美术学,是,西北大学萨兰托文化遗产与艺术学院（简称安莱学院）,意大利萨兰托大学
211,213,东北林业大学,信息与计算科学,否,海南国际学院,英国伦敦大学伯克贝克学院 26新增
211,230,云南大学,化学工程与工艺,是,云南马来亚学院,马来西亚马来亚大学
211,231,云南大学,土木工程,否,建筑与规划学院,英国思克莱德大学（停招）
211,235,贵州大学,信息管理与信息系统,是,大数据与信息工程学院,美国北卡罗莱纳大学彭布罗克分校
211,236,贵州大学,旅游管理,是,旅游与文化产业学院,英国林肯大学
211,242,海南大学,软件工程（NIIT）,是,计算机科学与技术学院,印度国家信息技术学院
211,244,北京体育大学 海南,旅游管理,是,北京体育大学阿尔伯塔国际休闲体育与旅游学院,加拿大阿尔伯塔大学
211,245,北京体育大学 海南,休闲体育,是,北京体育大学阿尔伯塔国际休闲体育与旅游学院,加拿大阿尔伯塔大学
211,252,延边大学,经济学,是,经济管理学院,韩国崇实大学
211,253,延边大学,通信工程,是,工学院,韩国湖西大学
211,254,延边大学,食品科学与工程,是,农学院,韩国全北大学
211,261,东北农业大学,动物科学,是,麦考瑞联合学院,美国莫瑞州立大学
211,262,中国政法大学,219/218/187/151,是,海南陵水,海南国际学院
