code,name,discipline,categoryCode,category,contentStatus,summaryExact,majorTextExact,classTextExact,courseSheet,careerSheet,universitySource,sources
010101,哲学,哲学,0101,哲学类,major,True,True,True,,,,普通高等学校本科专业目录（2026年） | 专业详解.xlsx | 专业大类详解
010102,逻辑学,哲学,0101,哲学类,major,False,True,True,,,,普通高等学校本科专业目录（2026年） | 专业大类详解
010103K,宗教学,哲学,0101,哲学类,major,False,True,True,,,,普通高等学校本科专业目录（2026年） | 专业大类详解
010104T,伦理学,哲学,0101,哲学类,major,False,True,True,,,,普通高等学校本科专业目录（2026年） | 专业大类详解
020101,经济学,经济学,0201,经济学类,major,True,True,True,经济金融类,经,,普通高等学校本科专业目录（2026年） | 专业详解.xlsx | 专业大类详解 | 大学专业课程.xlsx | 专业就业去向.xlsx
020102,经济统计学,经济学,0201,经济学类,major,True,True,True,经济金融类,经,,普通高等学校本科专业目录（2026年） | 专业详解.xlsx | 专业大类详解 | 大学专业课程.xlsx | 专业就业去向.xlsx
020103T,国民经济管理,经济学,0201,经济学类,major,False,True,True,经济金融类,经,,普通高等学校本科专业目录（2026年） | 专业大类详解 | 大学专业课程.xlsx | 专业就业去向.xlsx
020104T,资源与环境经济学,经济学,0201,经济学类,major,True,True,True,经济金融类,经,,普通高等学校本科专业目录（2026年） | 专业详解.xlsx | 专业大类详解 | 大学专业课程.xlsx | 专业就业去向.xlsx
020105T,商务经济学,经济学,0201,经济学类,major,True,True,True,经济金融类,经,,普通高等学校本科专业目录（2026年） | 专业详解.xlsx | 专业大类详解 | 大学专业课程.xlsx | 专业就业去向.xlsx
020106T,能源经济,经济学,0201,经济学类,major,True,True,True,经济金融类,经,,普通高等学校本科专业目录（2026年） | 专业详解.xlsx | 专业大类详解 | 大学专业课程.xlsx | 专业就业去向.xlsx
020107T,劳动经济学,经济学,0201,经济学类,major,True,True,True,经济金融类,经,,普通高等学校本科专业目录（2026年） | 专业详解.xlsx | 专业大类详解 | 大学专业课程.xlsx | 专业就业去向.xlsx
020108T,经济工程,经济学,0201,经济学类,major,True,True,True,经济金融类,经,,普通高等学校本科专业目录（2026年） | 专业详解.xlsx | 专业大类详解 | 大学专业课程.xlsx | 专业就业去向.xlsx
020109T,数字经济,经济学,0201,经济学类,major,True,True,True,经济金融类,经,,普通高等学校本科专业目录（2026年） | 专业详解.xlsx | 专业大类详解 | 大学专业课程.xlsx | 专业就业去向.xlsx
020110TK,低空经济与管理,经济学,0201,经济学类,major,False,True,True,经济金融类,经,,普通高等学校本科专业目录（2026年） | 专业大类详解 | 大学专业课程.xlsx | 专业就业去向.xlsx
020111T,资源环境审计,经济学,0201,经济学类,major,False,True,True,经济金融类,经,,普通高等学校本科专业目录（2026年） | 专业大类详解 | 大学专业课程.xlsx | 专业就业去向.xlsx
020201K,财政学,经济学,0202,财政学类,major,True,True,True,,,,普通高等学校本科专业目录（2026年） | 专业详解.xlsx | 专业大类详解
020202,税收学,经济学,0202,财政学类,major,True,True,True,,,,普通高等学校本科专业目录（2026年） | 专业详解.xlsx | 专业大类详解
020203TK,国际税收,经济学,0202,财政学类,major,False,True,True,,,,普通高等学校本科专业目录（2026年） | 专业大类详解
020301K,金融学,经济学,0203,金融学类,major,True,True,True,经济金融类,金,,普通高等学校本科专业目录（2026年） | 专业详解.xlsx | 专业大类详解 | 大学专业课程.xlsx | 专业就业去向.xlsx
020302,金融工程,经济学,0203,金融学类,major,True,True,True,经济金融类,金,,普通高等学校本科专业目录（2026年） | 专业详解.xlsx | 专业大类详解 | 大学专业课程.xlsx | 专业就业去向.xlsx
020303,保险学,经济学,0203,金融学类,major,True,True,True,经济金融类,金,,普通高等学校本科专业目录（2026年） | 专业详解.xlsx | 专业大类详解 | 大学专业课程.xlsx | 专业就业去向.xlsx
020304,投资学,经济学,0203,金融学类,major,True,True,True,经济金融类,金,,普通高等学校本科专业目录（2026年） | 专业详解.xlsx | 专业大类详解 | 大学专业课程.xlsx | 专业就业去向.xlsx
020305T,金融数学,经济学,0203,金融学类,major,True,True,True,经济金融类,金,,普通高等学校本科专业目录（2026年） | 专业详解.xlsx | 专业大类详解 | 大学专业课程.xlsx | 专业就业去向.xlsx
020306T,信用管理,经济学,0203,金融学类,major,True,True,True,经济金融类,金,,普通高等学校本科专业目录（2026年） | 专业详解.xlsx | 专业大类详解 | 大学专业课程.xlsx | 专业就业去向.xlsx
020307T,经济与金融,经济学,0203,金融学类,major,True,True,True,经济金融类,金,,普通高等学校本科专业目录（2026年） | 专业详解.xlsx | 专业大类详解 | 大学专业课程.xlsx | 专业就业去向.xlsx
020308T,精算学,经济学,0203,金融学类,major,True,True,True,经济金融类,金,,普通高等学校本科专业目录（2026年） | 专业详解.xlsx | 专业大类详解 | 大学专业课程.xlsx | 专业就业去向.xlsx
020309T,互联网金融,经济学,0203,金融学类,major,True,True,True,经济金融类,金,,普通高等学校本科专业目录（2026年） | 专业详解.xlsx | 专业大类详解 | 大学专业课程.xlsx | 专业就业去向.xlsx
020310T,金融科技,经济学,0203,金融学类,major,True,True,True,经济金融类,金,,普通高等学校本科专业目录（2026年） | 专业详解.xlsx | 专业大类详解 | 大学专业课程.xlsx | 专业就业去向.xlsx
020311TK,金融审计,经济学,0203,金融学类,major,True,True,True,经济金融类,金,,普通高等学校本科专业目录（2026年） | 专业详解.xlsx | 专业大类详解 | 大学专业课程.xlsx | 专业就业去向.xlsx
020312TK,数字金融,经济学,0203,金融学类,major,False,True,True,经济金融类,金,,普通高等学校本科专业目录（2026年） | 专业大类详解 | 大学专业课程.xlsx | 专业就业去向.xlsx
020401,国际经济与贸易,经济学,0204,经济与贸易类,major,True,True,True,,,,普通高等学校本科专业目录（2026年） | 专业详解.xlsx | 专业大类详解
020402,贸易经济,经济学,0204,经济与贸易类,major,True,True,True,,,,普通高等学校本科专业目录（2026年） | 专业详解.xlsx | 专业大类详解
020403T,国际经济发展合作,经济学,0204,经济与贸易类,major,False,True,True,,,,普通高等学校本科专业目录（2026年） | 专业大类详解
020404TK,数字贸易,经济学,0204,经济与贸易类,major,False,True,True,,,,普通高等学校本科专业目录（2026年） | 专业大类详解
030101K,法学,法学,0301,法学类,major,True,True,True,法学类,法,,普通高等学校本科专业目录（2026年） | 专业详解.xlsx | 专业大类详解 | 大学专业课程.xlsx | 专业就业去向.xlsx
030102T,知识产权,法学,0301,法学类,major,True,True,True,法学类,法,,普通高等学校本科专业目录（2026年） | 专业详解.xlsx | 专业大类详解 | 大学专业课程.xlsx | 专业就业去向.xlsx
030103T,监狱学,法学,0301,法学类,major,True,True,True,法学类,法,,普通高等学校本科专业目录（2026年） | 专业详解.xlsx | 专业大类详解 | 大学专业课程.xlsx | 专业就业去向.xlsx
030104T,信用风险管理与法律防控,法学,0301,法学类,major,True,True,True,法学类,法,,普通高等学校本科专业目录（2026年） | 专业详解.xlsx | 专业大类详解 | 大学专业课程.xlsx | 专业就业去向.xlsx
030105T,国际经贸规则,法学,0301,法学类,major,True,True,True,法学类,法,,普通高等学校本科专业目录（2026年） | 专业详解.xlsx | 专业大类详解 | 大学专业课程.xlsx | 专业就业去向.xlsx
030106TK,司法警察学,法学,0301,法学类,major,False,True,True,法学类,法,,普通高等学校本科专业目录（2026年） | 专业大类详解 | 大学专业课程.xlsx | 专业就业去向.xlsx
030107TK,社区矫正,法学,0301,法学类,major,True,True,True,法学类,法,,普通高等学校本科专业目录（2026年） | 专业详解.xlsx | 专业大类详解 | 大学专业课程.xlsx | 专业就业去向.xlsx
030108TK,纪检监察,法学,0301,法学类,major,True,True,True,法学类,法,,普通高等学校本科专业目录（2026年） | 专业详解.xlsx | 专业大类详解 | 大学专业课程.xlsx | 专业就业去向.xlsx
030109TK,国际法,法学,0301,法学类,major,True,True,True,法学类,法,,普通高等学校本科专业目录（2026年） | 专业详解.xlsx | 专业大类详解 | 大学专业课程.xlsx | 专业就业去向.xlsx
030110TK,司法鉴定学,法学,0301,法学类,major,True,True,True,法学类,法,,普通高等学校本科专业目录（2026年） | 专业详解.xlsx | 专业大类详解 | 大学专业课程.xlsx | 专业就业去向.xlsx
030111TK,国家安全学,法学,0301,法学类,major,False,True,True,法学类,法,,普通高等学校本科专业目录（2026年） | 专业大类详解 | 大学专业课程.xlsx | 专业就业去向.xlsx
030112TK,海外利益安全,法学,0301,法学类,major,False,True,True,法学类,法,,普通高等学校本科专业目录（2026年） | 专业大类详解 | 大学专业课程.xlsx | 专业就业去向.xlsx
030201,政治学与行政学,法学,0302,政治学类,major,True,True,True,,,,普通高等学校本科专业目录（2026年） | 专业详解.xlsx | 专业大类详解
030202,国际政治,法学,0302,政治学类,major,False,True,True,,,,普通高等学校本科专业目录（2026年） | 专业大类详解
030203,外交学,法学,0302,政治学类,major,True,True,True,,,,普通高等学校本科专业目录（2026年） | 专业详解.xlsx | 专业大类详解
030204T,国际事务与国际关系,法学,0302,政治学类,major,True,True,True,,,,普通高等学校本科专业目录（2026年） | 专业详解.xlsx | 专业大类详解
030205T,政治学、经济学与哲学,法学,0302,政治学类,major,False,True,True,,,,普通高等学校本科专业目录（2026年） | 专业大类详解
030206TK,国际组织与全球治理,法学,0302,政治学类,major,True,True,True,,,,普通高等学校本科专业目录（2026年） | 专业详解.xlsx | 专业大类详解
030301,社会学,法学,0303,社会学类,major,False,True,True,,,,普通高等学校本科专业目录（2026年） | 专业大类详解
030302,社会工作,法学,0303,社会学类,major,True,True,True,,,,普通高等学校本科专业目录（2026年） | 专业详解.xlsx | 专业大类详解
030303T,人类学,法学,0303,社会学类,major,False,True,True,,,,普通高等学校本科专业目录（2026年） | 专业大类详解
030304T,女性学,法学,0303,社会学类,major,False,True,True,,,,普通高等学校本科专业目录（2026年） | 专业大类详解
030305T,家政学,法学,0303,社会学类,major,True,True,True,,,,普通高等学校本科专业目录（2026年） | 专业详解.xlsx | 专业大类详解
030306T,老年学,法学,0303,社会学类,major,False,True,True,,,,普通高等学校本科专业目录（2026年） | 专业大类详解
030307T,社会政策,法学,0303,社会学类,major,False,True,True,,,,普通高等学校本科专业目录（2026年） | 专业大类详解
030401,民族学,法学,0304,民族学类,major,False,True,True,,,,普通高等学校本科专业目录（2026年） | 专业大类详解
030501,科学社会主义,法学,0305,马克思主义理论类,major,False,True,True,,,,普通高等学校本科专业目录（2026年） | 专业大类详解
030502,中国共产党历史,法学,0305,马克思主义理论类,major,False,True,True,,,,普通高等学校本科专业目录（2026年） | 专业大类详解
030503,思想政治教育,法学,0305,马克思主义理论类,major,True,True,True,,,,普通高等学校本科专业目录（2026年） | 专业详解.xlsx | 专业大类详解
030504T,马克思主义理论,法学,0305,马克思主义理论类,major,True,True,True,,,,普通高等学校本科专业目录（2026年） | 专业详解.xlsx | 专业大类详解
030505TK,工会学,法学,0305,马克思主义理论类,major,False,True,True,,,,普通高等学校本科专业目录（2026年） | 专业大类详解
030601K,治安学,法学,0306,公安学类,major,False,True,True,,,,普通高等学校本科专业目录（2026年） | 专业大类详解
030602K,侦查学,法学,0306,公安学类,major,False,True,True,,,,普通高等学校本科专业目录（2026年） | 专业大类详解
030603K,边防管理,法学,0306,公安学类,major,False,True,True,,,,普通高等学校本科专业目录（2026年） | 专业大类详解
030604TK,禁毒学,法学,0306,公安学类,major,False,True,True,,,,普通高等学校本科专业目录（2026年） | 专业大类详解
030605TK,警犬技术,法学,0306,公安学类,major,False,True,True,,,,普通高等学校本科专业目录（2026年） | 专业大类详解
030606TK,经济犯罪侦查,法学,0306,公安学类,major,False,True,True,,,,普通高等学校本科专业目录（2026年） | 专业大类详解
030607TK,边防指挥,法学,0306,公安学类,class,False,False,True,,,,普通高等学校本科专业目录（2026年） | 专业大类详解
030608TK,消防指挥,法学,0306,公安学类,major,True,True,True,,,,普通高等学校本科专业目录（2026年） | 专业详解.xlsx | 专业大类详解
030609TK,警卫学,法学,0306,公安学类,major,False,True,True,,,,普通高等学校本科专业目录（2026年） | 专业大类详解
030610TK,公安情报学,法学,0306,公安学类,major,False,True,True,,,,普通高等学校本科专业目录（2026年） | 专业大类详解
030611TK,犯罪学,法学,0306,公安学类,major,False,True,True,,,,普通高等学校本科专业目录（2026年） | 专业大类详解
030612TK,公安管理学,法学,0306,公安学类,major,False,True,True,,,,普通高等学校本科专业目录（2026年） | 专业大类详解
030613TK,涉外警务,法学,0306,公安学类,major,False,True,True,,,,普通高等学校本科专业目录（2026年） | 专业大类详解
030614TK,国内安全保卫,法学,0306,公安学类,major,False,True,True,,,,普通高等学校本科专业目录（2026年） | 专业大类详解
030615TK,警务指挥与战术,法学,0306,公安学类,major,False,True,True,,,,普通高等学校本科专业目录（2026年） | 专业大类详解
030616TK,技术侦查学,法学,0306,公安学类,major,False,True,True,,,,普通高等学校本科专业目录（2026年） | 专业大类详解
030617TK,海警执法,法学,0306,公安学类,major,False,True,True,,,,普通高等学校本科专业目录（2026年） | 专业大类详解
030618TK,公安政治工作,法学,0306,公安学类,major,False,True,True,,,,普通高等学校本科专业目录（2026年） | 专业大类详解
030619TK,移民管理,法学,0306,公安学类,major,False,True,True,,,,普通高等学校本科专业目录（2026年） | 专业大类详解
030620TK,出入境管理,法学,0306,公安学类,major,False,True,True,,,,普通高等学校本科专业目录（2026年） | 专业大类详解
030621TK,反恐警务,法学,0306,公安学类,major,False,True,True,,,,普通高等学校本科专业目录（2026年） | 专业大类详解
030622TK,消防政治工作,法学,0306,公安学类,major,False,True,True,,,,普通高等学校本科专业目录（2026年） | 专业大类详解
030623TK,铁路警务,法学,0306,公安学类,major,False,True,True,,,,普通高等学校本科专业目录（2026年） | 专业大类详解
030624TK,森林消防,法学,0306,公安学类,major,False,True,True,,,,普通高等学校本科专业目录（2026年） | 专业大类详解
030625TK,政治安全保卫,法学,0306,公安学类,major,False,True,True,,,,普通高等学校本科专业目录（2026年） | 专业大类详解
040101,教育学,教育学,0401,教育学类,major,True,True,True,,,,普通高等学校本科专业目录（2026年） | 专业详解.xlsx | 专业大类详解
040102,科学教育,教育学,0401,教育学类,major,True,True,True,,,,普通高等学校本科专业目录（2026年） | 专业详解.xlsx | 专业大类详解
040103,人文教育,教育学,0401,教育学类,major,False,True,True,,,,普通高等学校本科专业目录（2026年） | 专业大类详解
040104,教育技术学,教育学,0401,教育学类,major,True,True,True,,,,普通高等学校本科专业目录（2026年） | 专业详解.xlsx | 专业大类详解
040105,艺术教育,教育学,0401,教育学类,major,True,True,True,,,,普通高等学校本科专业目录（2026年） | 专业详解.xlsx | 专业大类详解
040106,学前教育,教育学,0401,教育学类,major,True,True,True,,,,普通高等学校本科专业目录（2026年） | 专业详解.xlsx | 专业大类详解
040107,小学教育,教育学,0401,教育学类,major,True,True,True,,,,普通高等学校本科专业目录（2026年） | 专业详解.xlsx | 专业大类详解
040108,特殊教育,教育学,0401,教育学类,major,True,True,True,,,,普通高等学校本科专业目录（2026年） | 专业详解.xlsx | 专业大类详解
040109T,华文教育,教育学,0401,教育学类,major,False,True,True,,,,普通高等学校本科专业目录（2026年） | 专业大类详解
040110TK,教育康复学,教育学,0401,教育学类,major,True,True,True,,,,普通高等学校本科专业目录（2026年） | 专业详解.xlsx | 专业大类详解
040111T,卫生教育,教育学,0401,教育学类,major,False,True,True,,,,普通高等学校本科专业目录（2026年） | 专业大类详解
040112T,认知科学与技术,教育学,0401,教育学类,major,False,True,True,,,,普通高等学校本科专业目录（2026年） | 专业大类详解
040113T,融合教育,教育学,0401,教育学类,major,False,True,True,,,,普通高等学校本科专业目录（2026年） | 专业大类详解
040114TK,劳动教育,教育学,0401,教育学类,major,True,True,True,,,,普通高等学校本科专业目录（2026年） | 专业详解.xlsx | 专业大类详解
040115T,家庭教育,教育学,0401,教育学类,major,False,True,True,,,,普通高等学校本科专业目录（2026年） | 专业大类详解
040116TK,孤独症儿童教育,教育学,0401,教育学类,major,True,True,True,,,,普通高等学校本科专业目录（2026年） | 专业详解.xlsx | 专业大类详解
040117TK,人工智能教育,教育学,0401,教育学类,major,False,True,True,,,,普通高等学校本科专业目录（2026年） | 专业大类详解
040118T,婴幼儿发展与健康管理,教育学,0401,教育学类,major,True,True,True,,,,普通高等学校本科专业目录（2026年） | 专业详解.xlsx | 专业大类详解
040201,体育教育,教育学,0402,体育学类,major,False,True,True,,,,普通高等学校本科专业目录（2026年） | 专业大类详解
040202K,运动训练,教育学,0402,体育学类,major,False,True,True,,,,普通高等学校本科专业目录（2026年） | 专业大类详解
040203,社会体育指导与管理,教育学,0402,体育学类,major,False,True,True,,,,普通高等学校本科专业目录（2026年） | 专业大类详解
040204K,武术与民族传统体育,教育学,0402,体育学类,major,False,True,True,,,,普通高等学校本科专业目录（2026年） | 专业大类详解
040205,运动人体科学,教育学,0402,体育学类,major,True,True,True,,,,普通高等学校本科专业目录（2026年） | 专业详解.xlsx | 专业大类详解
040206T,运动康复,教育学,0402,体育学类,major,True,True,True,,,,普通高等学校本科专业目录（2026年） | 专业详解.xlsx | 专业大类详解
040207T,休闲体育,教育学,0402,体育学类,major,True,True,True,,,,普通高等学校本科专业目录（2026年） | 专业详解.xlsx | 专业大类详解
040208T,体能训练,教育学,0402,体育学类,major,False,True,True,,,,普通高等学校本科专业目录（2026年） | 专业大类详解
040209T,冰雪运动,教育学,0402,体育学类,major,False,True,True,,,,普通高等学校本科专业目录（2026年） | 专业大类详解
040210TK,电子竞技运动与管理,教育学,0402,体育学类,major,True,True,True,,,,普通高等学校本科专业目录（2026年） | 专业详解.xlsx | 专业大类详解
040211TK,智能体育工程,教育学,0402,体育学类,major,True,True,True,,,,普通高等学校本科专业目录（2026年） | 专业详解.xlsx | 专业大类详解
040212TK,体育旅游,教育学,0402,体育学类,major,False,True,True,,,,普通高等学校本科专业目录（2026年） | 专业大类详解
040213T,运动能力开发,教育学,0402,体育学类,major,True,True,True,,,,普通高等学校本科专业目录（2026年） | 专业详解.xlsx | 专业大类详解
040214TK,足球运动,教育学,0402,体育学类,major,False,True,True,,,,普通高等学校本科专业目录（2026年） | 专业大类详解
040215TK,马术运动与管理,教育学,0402,体育学类,major,False,True,True,,,,普通高等学校本科专业目录（2026年） | 专业大类详解
040216T,体育康养,教育学,0402,体育学类,major,False,True,True,,,,普通高等学校本科专业目录（2026年） | 专业大类详解
040217TK,航空运动,教育学,0402,体育学类,major,False,True,True,,,,普通高等学校本科专业目录（2026年） | 专业大类详解
040218TK,太极拳,教育学,0402,体育学类,major,False,True,True,,,,普通高等学校本科专业目录（2026年） | 专业大类详解
050101,汉语言文学,文学,0501,中国语言文学类,major,True,True,True,,,,普通高等学校本科专业目录（2026年） | 专业详解.xlsx | 专业大类详解
050102,汉语言,文学,0501,中国语言文学类,major,True,True,True,,,,普通高等学校本科专业目录（2026年） | 专业详解.xlsx | 专业大类详解
050103,汉语国际教育,文学,0501,中国语言文学类,major,True,True,True,,,,普通高等学校本科专业目录（2026年） | 专业详解.xlsx | 专业大类详解
050104,中国少数民族语言文学,文学,0501,中国语言文学类,major,True,True,True,,,,普通高等学校本科专业目录（2026年） | 专业详解.xlsx | 专业大类详解
050105,古典文献学,文学,0501,中国语言文学类,major,False,True,True,,,,普通高等学校本科专业目录（2026年） | 专业大类详解
050106T,应用语言学,文学,0501,中国语言文学类,major,False,True,True,,,,普通高等学校本科专业目录（2026年） | 专业大类详解
050107T,秘书学,文学,0501,中国语言文学类,major,True,True,True,,,,普通高等学校本科专业目录（2026年） | 专业详解.xlsx | 专业大类详解
050108T,中国语言与文化,文学,0501,中国语言文学类,major,False,True,True,,,,普通高等学校本科专业目录（2026年） | 专业大类详解
050109T,手语翻译,文学,0501,中国语言文学类,major,False,True,True,,,,普通高等学校本科专业目录（2026年） | 专业大类详解
050110T,数字人文,文学,0501,中国语言文学类,major,True,True,True,,,,普通高等学校本科专业目录（2026年） | 专业详解.xlsx | 专业大类详解
050111T,中国古典学,文学,0501,中国语言文学类,major,False,True,True,,,,普通高等学校本科专业目录（2026年） | 专业大类详解
050112T,汉学与中国学,文学,0501,中国语言文学类,major,False,True,True,,,,普通高等学校本科专业目录（2026年） | 专业大类详解
050113T,应用中文,文学,0501,中国语言文学类,major,False,True,True,,,,普通高等学校本科专业目录（2026年） | 专业大类详解
050114TK,语言科学,文学,0501,中国语言文学类,major,False,True,True,,,,普通高等学校本科专业目录（2026年） | 专业大类详解
050201,英语,文学,0502,外国语言文学类,major,True,True,True,,外,,普通高等学校本科专业目录（2026年） | 专业详解.xlsx | 专业大类详解 | 专业就业去向.xlsx
050202,俄语,文学,0502,外国语言文学类,major,True,True,True,,外,,普通高等学校本科专业目录（2026年） | 专业详解.xlsx | 专业大类详解 | 专业就业去向.xlsx
050203,德语,文学,0502,外国语言文学类,major,True,True,True,,外,,普通高等学校本科专业目录（2026年） | 专业详解.xlsx | 专业大类详解 | 专业就业去向.xlsx
050204,法语,文学,0502,外国语言文学类,major,True,True,True,,外,,普通高等学校本科专业目录（2026年） | 专业详解.xlsx | 专业大类详解 | 专业就业去向.xlsx
050205,西班牙语,文学,0502,外国语言文学类,major,True,True,True,,外,,普通高等学校本科专业目录（2026年） | 专业详解.xlsx | 专业大类详解 | 专业就业去向.xlsx
050206,阿拉伯语,文学,0502,外国语言文学类,major,True,True,True,,外,,普通高等学校本科专业目录（2026年） | 专业详解.xlsx | 专业大类详解 | 专业就业去向.xlsx
050207,日语,文学,0502,外国语言文学类,major,True,True,True,,外,,普通高等学校本科专业目录（2026年） | 专业详解.xlsx | 专业大类详解 | 专业就业去向.xlsx
050208,波斯语,文学,0502,外国语言文学类,major,True,False,True,,外,,普通高等学校本科专业目录（2026年） | 专业详解.xlsx | 专业大类详解 | 专业就业去向.xlsx
050209,朝鲜语,文学,0502,外国语言文学类,major,True,True,True,,外,,普通高等学校本科专业目录（2026年） | 专业详解.xlsx | 专业大类详解 | 专业就业去向.xlsx
050210,菲律宾语,文学,0502,外国语言文学类,class,False,False,True,,外,,普通高等学校本科专业目录（2026年） | 专业大类详解 | 专业就业去向.xlsx
050211,梵语巴利语,文学,0502,外国语言文学类,class,False,False,True,,外,,普通高等学校本科专业目录（2026年） | 专业大类详解 | 专业就业去向.xlsx
050212,印度尼西亚语,文学,0502,外国语言文学类,major,True,False,True,,外,,普通高等学校本科专业目录（2026年） | 专业详解.xlsx | 专业大类详解 | 专业就业去向.xlsx
050213,印地语,文学,0502,外国语言文学类,class,False,False,True,,外,,普通高等学校本科专业目录（2026年） | 专业大类详解 | 专业就业去向.xlsx
050214,柬埔寨语,文学,0502,外国语言文学类,major,True,False,True,,外,,普通高等学校本科专业目录（2026年） | 专业详解.xlsx | 专业大类详解 | 专业就业去向.xlsx
050215,老挝语,文学,0502,外国语言文学类,class,False,False,True,,外,,普通高等学校本科专业目录（2026年） | 专业大类详解 | 专业就业去向.xlsx
050216,缅甸语,文学,0502,外国语言文学类,class,False,False,True,,外,,普通高等学校本科专业目录（2026年） | 专业大类详解 | 专业就业去向.xlsx
050217,马来语,文学,0502,外国语言文学类,major,True,False,True,,外,,普通高等学校本科专业目录（2026年） | 专业详解.xlsx | 专业大类详解 | 专业就业去向.xlsx
050218,蒙古语,文学,0502,外国语言文学类,class,False,False,True,,外,,普通高等学校本科专业目录（2026年） | 专业大类详解 | 专业就业去向.xlsx
050219,僧伽罗语,文学,0502,外国语言文学类,class,False,False,True,,外,,普通高等学校本科专业目录（2026年） | 专业大类详解 | 专业就业去向.xlsx
050220,泰语,文学,0502,外国语言文学类,major,True,False,True,,外,,普通高等学校本科专业目录（2026年） | 专业详解.xlsx | 专业大类详解 | 专业就业去向.xlsx
050221,乌尔都语,文学,0502,外国语言文学类,major,True,False,True,,外,,普通高等学校本科专业目录（2026年） | 专业详解.xlsx | 专业大类详解 | 专业就业去向.xlsx
050222,希伯来语,文学,0502,外国语言文学类,class,False,False,True,,外,,普通高等学校本科专业目录（2026年） | 专业大类详解 | 专业就业去向.xlsx
050223,越南语,文学,0502,外国语言文学类,class,False,False,True,,外,,普通高等学校本科专业目录（2026年） | 专业大类详解 | 专业就业去向.xlsx
050224,豪萨语,文学,0502,外国语言文学类,class,False,False,True,,外,,普通高等学校本科专业目录（2026年） | 专业大类详解 | 专业就业去向.xlsx
050225,斯瓦希里语,文学,0502,外国语言文学类,major,True,False,True,,外,,普通高等学校本科专业目录（2026年） | 专业详解.xlsx | 专业大类详解 | 专业就业去向.xlsx
050226,阿尔巴尼亚语,文学,0502,外国语言文学类,class,False,False,True,,外,,普通高等学校本科专业目录（2026年） | 专业大类详解 | 专业就业去向.xlsx
050227,保加利亚语,文学,0502,外国语言文学类,major,True,False,True,,外,,普通高等学校本科专业目录（2026年） | 专业详解.xlsx | 专业大类详解 | 专业就业去向.xlsx
050228,波兰语,文学,0502,外国语言文学类,major,True,False,True,,外,,普通高等学校本科专业目录（2026年） | 专业详解.xlsx | 专业大类详解 | 专业就业去向.xlsx
050229,捷克语,文学,0502,外国语言文学类,major,True,False,True,,外,,普通高等学校本科专业目录（2026年） | 专业详解.xlsx | 专业大类详解 | 专业就业去向.xlsx
050230,斯洛伐克语,文学,0502,外国语言文学类,class,False,False,True,,外,,普通高等学校本科专业目录（2026年） | 专业大类详解 | 专业就业去向.xlsx
050231,罗马尼亚语,文学,0502,外国语言文学类,class,False,False,True,,外,,普通高等学校本科专业目录（2026年） | 专业大类详解 | 专业就业去向.xlsx
050232,葡萄牙语,文学,0502,外国语言文学类,major,True,False,True,,外,,普通高等学校本科专业目录（2026年） | 专业详解.xlsx | 专业大类详解 | 专业就业去向.xlsx
050233,瑞典语,文学,0502,外国语言文学类,class,False,False,True,,外,,普通高等学校本科专业目录（2026年） | 专业大类详解 | 专业就业去向.xlsx
050234,塞尔维亚语,文学,0502,外国语言文学类,class,False,False,True,,外,,普通高等学校本科专业目录（2026年） | 专业大类详解 | 专业就业去向.xlsx
050235,土耳其语,文学,0502,外国语言文学类,class,False,False,True,,外,,普通高等学校本科专业目录（2026年） | 专业大类详解 | 专业就业去向.xlsx
050236,希腊语,文学,0502,外国语言文学类,class,False,False,True,,外,,普通高等学校本科专业目录（2026年） | 专业大类详解 | 专业就业去向.xlsx
050237,匈牙利语,文学,0502,外国语言文学类,class,False,False,True,,外,,普通高等学校本科专业目录（2026年） | 专业大类详解 | 专业就业去向.xlsx
050238,意大利语,文学,0502,外国语言文学类,major,True,False,True,,外,,普通高等学校本科专业目录（2026年） | 专业详解.xlsx | 专业大类详解 | 专业就业去向.xlsx
050239,泰米尔语,文学,0502,外国语言文学类,class,False,False,True,,外,,普通高等学校本科专业目录（2026年） | 专业大类详解 | 专业就业去向.xlsx
050240,普什图语,文学,0502,外国语言文学类,class,False,False,True,,外,,普通高等学校本科专业目录（2026年） | 专业大类详解 | 专业就业去向.xlsx
050241,世界语,文学,0502,外国语言文学类,class,False,False,True,,外,,普通高等学校本科专业目录（2026年） | 专业大类详解 | 专业就业去向.xlsx
050242,孟加拉语,文学,0502,外国语言文学类,class,False,False,True,,外,,普通高等学校本科专业目录（2026年） | 专业大类详解 | 专业就业去向.xlsx
050243,尼泊尔语,文学,0502,外国语言文学类,class,False,False,True,,外,,普通高等学校本科专业目录（2026年） | 专业大类详解 | 专业就业去向.xlsx
050244,克罗地亚语,文学,0502,外国语言文学类,class,False,False,True,,外,,普通高等学校本科专业目录（2026年） | 专业大类详解 | 专业就业去向.xlsx
050245,荷兰语,文学,0502,外国语言文学类,class,False,False,True,,外,,普通高等学校本科专业目录（2026年） | 专业大类详解 | 专业就业去向.xlsx
050246,芬兰语,文学,0502,外国语言文学类,class,False,False,True,,外,,普通高等学校本科专业目录（2026年） | 专业大类详解 | 专业就业去向.xlsx
050247,乌克兰语,文学,0502,外国语言文学类,class,False,False,True,,外,,普通高等学校本科专业目录（2026年） | 专业大类详解 | 专业就业去向.xlsx
050248,挪威语,文学,0502,外国语言文学类,class,False,False,True,,外,,普通高等学校本科专业目录（2026年） | 专业大类详解 | 专业就业去向.xlsx
050249,丹麦语,文学,0502,外国语言文学类,class,False,False,True,,外,,普通高等学校本科专业目录（2026年） | 专业大类详解 | 专业就业去向.xlsx
050250,冰岛语,文学,0502,外国语言文学类,class,False,False,True,,外,,普通高等学校本科专业目录（2026年） | 专业大类详解 | 专业就业去向.xlsx
050251,爱尔兰语,文学,0502,外国语言文学类,class,False,False,True,,外,,普通高等学校本科专业目录（2026年） | 专业大类详解 | 专业就业去向.xlsx
050252,拉脱维亚语,文学,0502,外国语言文学类,class,False,False,True,,外,,普通高等学校本科专业目录（2026年） | 专业大类详解 | 专业就业去向.xlsx
050253,立陶宛语,文学,0502,外国语言文学类,class,False,False,True,,外,,普通高等学校本科专业目录（2026年） | 专业大类详解 | 专业就业去向.xlsx
050254,斯洛文尼亚语,文学,0502,外国语言文学类,class,False,False,True,,外,,普通高等学校本科专业目录（2026年） | 专业大类详解 | 专业就业去向.xlsx
050255,爱沙尼亚语,文学,0502,外国语言文学类,class,False,False,True,,外,,普通高等学校本科专业目录（2026年） | 专业大类详解 | 专业就业去向.xlsx
050256,马耳他语,文学,0502,外国语言文学类,class,False,False,True,,外,,普通高等学校本科专业目录（2026年） | 专业大类详解 | 专业就业去向.xlsx
050257,哈萨克语,文学,0502,外国语言文学类,class,False,False,True,,外,,普通高等学校本科专业目录（2026年） | 专业大类详解 | 专业就业去向.xlsx
050258,乌兹别克语,文学,0502,外国语言文学类,class,False,False,True,,外,,普通高等学校本科专业目录（2026年） | 专业大类详解 | 专业就业去向.xlsx
050259,祖鲁语,文学,0502,外国语言文学类,class,False,False,True,,外,,普通高等学校本科专业目录（2026年） | 专业大类详解 | 专业就业去向.xlsx
050260,拉丁语,文学,0502,外国语言文学类,class,False,False,True,,外,,普通高等学校本科专业目录（2026年） | 专业大类详解 | 专业就业去向.xlsx
050261,翻译,文学,0502,外国语言文学类,major,True,True,True,,外,,普通高等学校本科专业目录（2026年） | 专业详解.xlsx | 专业大类详解 | 专业就业去向.xlsx
050262,商务英语,文学,0502,外国语言文学类,major,True,True,True,,外,,普通高等学校本科专业目录（2026年） | 专业详解.xlsx | 专业大类详解 | 专业就业去向.xlsx
050263T,阿姆哈拉语,文学,0502,外国语言文学类,class,False,False,True,,外,,普通高等学校本科专业目录（2026年） | 专业大类详解 | 专业就业去向.xlsx
050264T,吉尔吉斯语,文学,0502,外国语言文学类,class,False,False,True,,外,,普通高等学校本科专业目录（2026年） | 专业大类详解 | 专业就业去向.xlsx
050265T,索马里语,文学,0502,外国语言文学类,class,False,False,True,,外,,普通高等学校本科专业目录（2026年） | 专业大类详解 | 专业就业去向.xlsx
050266T,土库曼语,文学,0502,外国语言文学类,class,False,False,True,,外,,普通高等学校本科专业目录（2026年） | 专业大类详解 | 专业就业去向.xlsx
050267T,加泰罗尼亚语,文学,0502,外国语言文学类,class,False,False,True,,外,,普通高等学校本科专业目录（2026年） | 专业大类详解 | 专业就业去向.xlsx
050268T,约鲁巴语,文学,0502,外国语言文学类,class,False,False,True,,外,,普通高等学校本科专业目录（2026年） | 专业大类详解 | 专业就业去向.xlsx
050269T,亚美尼亚语,文学,0502,外国语言文学类,class,False,False,True,,外,,普通高等学校本科专业目录（2026年） | 专业大类详解 | 专业就业去向.xlsx
050270T,马达加斯加语,文学,0502,外国语言文学类,class,False,False,True,,外,,普通高等学校本科专业目录（2026年） | 专业大类详解 | 专业就业去向.xlsx
050271T,格鲁吉亚语,文学,0502,外国语言文学类,class,False,False,True,,外,,普通高等学校本科专业目录（2026年） | 专业大类详解 | 专业就业去向.xlsx
050272T,阿塞拜疆语,文学,0502,外国语言文学类,class,False,False,True,,外,,普通高等学校本科专业目录（2026年） | 专业大类详解 | 专业就业去向.xlsx
050273T,阿非利卡语,文学,0502,外国语言文学类,class,False,False,True,,外,,普通高等学校本科专业目录（2026年） | 专业大类详解 | 专业就业去向.xlsx
050274T,马其顿语,文学,0502,外国语言文学类,class,False,False,True,,外,,普通高等学校本科专业目录（2026年） | 专业大类详解 | 专业就业去向.xlsx
050275T,塔吉克语,文学,0502,外国语言文学类,class,False,False,True,,外,,普通高等学校本科专业目录（2026年） | 专业大类详解 | 专业就业去向.xlsx
050276T,茨瓦纳语,文学,0502,外国语言文学类,class,False,False,True,,外,,普通高等学校本科专业目录（2026年） | 专业大类详解 | 专业就业去向.xlsx
050277T,恩德贝莱语,文学,0502,外国语言文学类,class,False,False,True,,外,,普通高等学校本科专业目录（2026年） | 专业大类详解 | 专业就业去向.xlsx
050278T,科摩罗语,文学,0502,外国语言文学类,class,False,False,True,,外,,普通高等学校本科专业目录（2026年） | 专业大类详解 | 专业就业去向.xlsx
050279T,克里奥尔语,文学,0502,外国语言文学类,class,False,False,True,,外,,普通高等学校本科专业目录（2026年） | 专业大类详解 | 专业就业去向.xlsx
050280T,绍纳语,文学,0502,外国语言文学类,class,False,False,True,,外,,普通高等学校本科专业目录（2026年） | 专业大类详解 | 专业就业去向.xlsx
050281T,提格雷尼亚语,文学,0502,外国语言文学类,class,False,False,True,,外,,普通高等学校本科专业目录（2026年） | 专业大类详解 | 专业就业去向.xlsx
050282T,白俄罗斯语,文学,0502,外国语言文学类,class,False,False,True,,外,,普通高等学校本科专业目录（2026年） | 专业大类详解 | 专业就业去向.xlsx
050283T,毛利语,文学,0502,外国语言文学类,class,False,False,True,,外,,普通高等学校本科专业目录（2026年） | 专业大类详解 | 专业就业去向.xlsx
050284T,汤加语,文学,0502,外国语言文学类,class,False,False,True,,外,,普通高等学校本科专业目录（2026年） | 专业大类详解 | 专业就业去向.xlsx
050285T,萨摩亚语,文学,0502,外国语言文学类,class,False,False,True,,外,,普通高等学校本科专业目录（2026年） | 专业大类详解 | 专业就业去向.xlsx
050286T,库尔德语,文学,0502,外国语言文学类,class,False,False,True,,外,,普通高等学校本科专业目录（2026年） | 专业大类详解 | 专业就业去向.xlsx
050287T,比斯拉马语,文学,0502,外国语言文学类,class,False,False,True,,外,,普通高等学校本科专业目录（2026年） | 专业大类详解 | 专业就业去向.xlsx
050288T,达里语,文学,0502,外国语言文学类,class,False,False,True,,外,,普通高等学校本科专业目录（2026年） | 专业大类详解 | 专业就业去向.xlsx
050289T,德顿语,文学,0502,外国语言文学类,class,False,False,True,,外,,普通高等学校本科专业目录（2026年） | 专业大类详解 | 专业就业去向.xlsx
050290T,迪维希语,文学,0502,外国语言文学类,class,False,False,True,,外,,普通高等学校本科专业目录（2026年） | 专业大类详解 | 专业就业去向.xlsx
050291T,斐济语,文学,0502,外国语言文学类,class,False,False,True,,外,,普通高等学校本科专业目录（2026年） | 专业大类详解 | 专业就业去向.xlsx
050292T,库克群岛毛利语,文学,0502,外国语言文学类,class,False,False,True,,外,,普通高等学校本科专业目录（2026年） | 专业大类详解 | 专业就业去向.xlsx
050293T,隆迪语,文学,0502,外国语言文学类,class,False,False,True,,外,,普通高等学校本科专业目录（2026年） | 专业大类详解 | 专业就业去向.xlsx
050294T,卢森堡语,文学,0502,外国语言文学类,class,False,False,True,,外,,普通高等学校本科专业目录（2026年） | 专业大类详解 | 专业就业去向.xlsx
050295T,卢旺达语,文学,0502,外国语言文学类,class,False,False,True,,外,,普通高等学校本科专业目录（2026年） | 专业大类详解 | 专业就业去向.xlsx
050296T,纽埃语,文学,0502,外国语言文学类,class,False,False,True,,外,,普通高等学校本科专业目录（2026年） | 专业大类详解 | 专业就业去向.xlsx
050297T,皮金语,文学,0502,外国语言文学类,class,False,False,True,,外,,普通高等学校本科专业目录（2026年） | 专业大类详解 | 专业就业去向.xlsx
050298T,切瓦语,文学,0502,外国语言文学类,class,False,False,True,,外,,普通高等学校本科专业目录（2026年） | 专业大类详解 | 专业就业去向.xlsx
050299T,塞苏陀语,文学,0502,外国语言文学类,class,False,False,True,,外,,普通高等学校本科专业目录（2026年） | 专业大类详解 | 专业就业去向.xlsx
050200T,桑戈语,文学,0502,外国语言文学类,class,False,False,True,,外,,普通高等学校本科专业目录（2026年） | 专业大类详解 | 专业就业去向.xlsx
0502100T,语言学,文学,0502,外国语言文学类,major,True,False,True,,外,,普通高等学校本科专业目录（2026年） | 专业详解.xlsx | 专业大类详解 | 专业就业去向.xlsx
0502101T,塔玛齐格特语,文学,0502,外国语言文学类,class,False,False,True,,外,,普通高等学校本科专业目录（2026年） | 专业大类详解 | 专业就业去向.xlsx
0502102T,爪哇语,文学,0502,外国语言文学类,class,False,False,True,,外,,普通高等学校本科专业目录（2026年） | 专业大类详解 | 专业就业去向.xlsx
0502103T,旁遮普语,文学,0502,外国语言文学类,class,False,False,True,,外,,普通高等学校本科专业目录（2026年） | 专业大类详解 | 专业就业去向.xlsx
0502104TK,区域国别学,文学,0502,外国语言文学类,class,False,False,True,,外,,普通高等学校本科专业目录（2026年） | 专业大类详解 | 专业就业去向.xlsx
0502105T,法律英语,文学,0502,外国语言文学类,class,False,False,True,,外,,普通高等学校本科专业目录（2026年） | 专业大类详解 | 专业就业去向.xlsx
0502106TK,计算语言学,文学,0502,外国语言文学类,class,False,False,True,,外,,普通高等学校本科专业目录（2026年） | 专业大类详解 | 专业就业去向.xlsx
0502107TK,语言智能,文学,0502,外国语言文学类,class,False,False,True,,外,,普通高等学校本科专业目录（2026年） | 专业大类详解 | 专业就业去向.xlsx
050301,新闻学,文学,0503,新闻传播学类,major,True,True,True,,,,普通高等学校本科专业目录（2026年） | 专业详解.xlsx | 专业大类详解
050302,广播电视学,文学,0503,新闻传播学类,major,True,True,True,,,,普通高等学校本科专业目录（2026年） | 专业详解.xlsx | 专业大类详解
050303,广告学,文学,0503,新闻传播学类,major,True,True,True,,,,普通高等学校本科专业目录（2026年） | 专业详解.xlsx | 专业大类详解
050304,传播学,文学,0503,新闻传播学类,major,True,True,True,,,,普通高等学校本科专业目录（2026年） | 专业详解.xlsx | 专业大类详解
050305,编辑出版学,文学,0503,新闻传播学类,major,True,True,True,,,,普通高等学校本科专业目录（2026年） | 专业详解.xlsx | 专业大类详解
050306T,网络与新媒体,文学,0503,新闻传播学类,major,True,True,True,,,,普通高等学校本科专业目录（2026年） | 专业详解.xlsx | 专业大类详解
050307T,数字出版,文学,0503,新闻传播学类,major,True,True,True,,,,普通高等学校本科专业目录（2026年） | 专业详解.xlsx | 专业大类详解
050308T,时尚传播,文学,0503,新闻传播学类,major,True,True,True,,,,普通高等学校本科专业目录（2026年） | 专业详解.xlsx | 专业大类详解
050309T,国际新闻与传播,文学,0503,新闻传播学类,major,True,True,True,,,,普通高等学校本科专业目录（2026年） | 专业详解.xlsx | 专业大类详解
050310T,会展,文学,0503,新闻传播学类,major,False,True,True,,,,普通高等学校本科专业目录（2026年） | 专业大类详解
060101,历史学,历史学,0601,历史学类,major,True,True,True,,,,普通高等学校本科专业目录（2026年） | 专业详解.xlsx | 专业大类详解
060102,世界史,历史学,0601,历史学类,major,False,True,True,,,,普通高等学校本科专业目录（2026年） | 专业大类详解
060103,考古学,历史学,0601,历史学类,major,False,True,True,,,,普通高等学校本科专业目录（2026年） | 专业大类详解
060104,文物与博物馆学,历史学,0601,历史学类,major,True,True,True,,,,普通高等学校本科专业目录（2026年） | 专业详解.xlsx | 专业大类详解
060105T,文物保护技术,历史学,0601,历史学类,major,True,True,True,,,,普通高等学校本科专业目录（2026年） | 专业详解.xlsx | 专业大类详解
060106T,外国语言与外国历史,历史学,0601,历史学类,major,False,True,True,,,,普通高等学校本科专业目录（2026年） | 专业大类详解
060107T,文化遗产,历史学,0601,历史学类,major,False,True,True,,,,普通高等学校本科专业目录（2026年） | 专业大类详解
060108T,古文字学,历史学,0601,历史学类,major,False,True,True,,,,普通高等学校本科专业目录（2026年） | 专业大类详解
060109T,科学史,历史学,0601,历史学类,major,False,True,True,,,,普通高等学校本科专业目录（2026年） | 专业大类详解
070101,数学与应用数学,理学,0701,数学类,major,True,True,True,数学类,数统,理学工学:数学,普通高等学校本科专业目录（2026年） | 专业详解.xlsx | 专业大类详解 | 大学专业课程.xlsx | 专业就业去向.xlsx | 专业院校宝典.xlsx
070102,信息与计算科学,理学,0701,数学类,major,True,True,True,数学类,数统,理学工学:数学,普通高等学校本科专业目录（2026年） | 专业详解.xlsx | 专业大类详解 | 大学专业课程.xlsx | 专业就业去向.xlsx | 专业院校宝典.xlsx
070103T,数理基础科学,理学,0701,数学类,major,True,True,True,数学类,数统,理学工学:数学,普通高等学校本科专业目录（2026年） | 专业详解.xlsx | 专业大类详解 | 大学专业课程.xlsx | 专业就业去向.xlsx | 专业院校宝典.xlsx
070104T,数据计算及应用,理学,0701,数学类,major,True,True,True,数学类,数统,理学工学:数学,普通高等学校本科专业目录（2026年） | 专业详解.xlsx | 专业大类详解 | 大学专业课程.xlsx | 专业就业去向.xlsx | 专业院校宝典.xlsx
070105TK,智能计算,理学,0701,数学类,major,False,True,True,数学类,数统,理学工学:数学,普通高等学校本科专业目录（2026年） | 专业大类详解 | 大学专业课程.xlsx | 专业就业去向.xlsx | 专业院校宝典.xlsx
070201,物理学,理学,0702,物理学类,major,True,True,True,物理类,,理学工学:物理,普通高等学校本科专业目录（2026年） | 专业详解.xlsx | 专业大类详解 | 大学专业课程.xlsx | 专业院校宝典.xlsx
070202,应用物理学,理学,0702,物理学类,major,True,True,True,物理类,,理学工学:物理,普通高等学校本科专业目录（2026年） | 专业详解.xlsx | 专业大类详解 | 大学专业课程.xlsx | 专业院校宝典.xlsx
070203,核物理,理学,0702,物理学类,major,True,True,True,物理类,,理学工学:物理,普通高等学校本科专业目录（2026年） | 专业详解.xlsx | 专业大类详解 | 大学专业课程.xlsx | 专业院校宝典.xlsx
070204T,声学,理学,0702,物理学类,major,True,True,True,物理类,,理学工学:物理,普通高等学校本科专业目录（2026年） | 专业详解.xlsx | 专业大类详解 | 大学专业课程.xlsx | 专业院校宝典.xlsx
070205T,系统科学与工程,理学,0702,物理学类,major,True,True,True,物理类,,理学工学:物理,普通高等学校本科专业目录（2026年） | 专业详解.xlsx | 专业大类详解 | 大学专业课程.xlsx | 专业院校宝典.xlsx
070206T,量子信息科学,理学,0702,物理学类,major,True,True,True,物理类,,理学工学:物理,普通高等学校本科专业目录（2026年） | 专业详解.xlsx | 专业大类详解 | 大学专业课程.xlsx | 专业院校宝典.xlsx
070301,化学,理学,0703,化学类,major,True,True,True,,化,理学工学:化学,普通高等学校本科专业目录（2026年） | 专业详解.xlsx | 专业大类详解 | 专业就业去向.xlsx | 专业院校宝典.xlsx
070302,应用化学,理学,0703,化学类,major,True,True,True,,化,理学工学:化学,普通高等学校本科专业目录（2026年） | 专业详解.xlsx | 专业大类详解 | 专业就业去向.xlsx | 专业院校宝典.xlsx
070303T,化学生物学,理学,0703,化学类,major,True,True,True,,化,理学工学:化学,普通高等学校本科专业目录（2026年） | 专业详解.xlsx | 专业大类详解 | 专业就业去向.xlsx | 专业院校宝典.xlsx
070304T,分子科学与工程,理学,0703,化学类,major,False,True,True,,化,理学工学:化学,普通高等学校本科专业目录（2026年） | 专业大类详解 | 专业就业去向.xlsx | 专业院校宝典.xlsx
070305T,能源化学,理学,0703,化学类,major,True,True,True,,化,理学工学:化学,普通高等学校本科专业目录（2026年） | 专业详解.xlsx | 专业大类详解 | 专业就业去向.xlsx | 专业院校宝典.xlsx
070306T,化学测量学与技术,理学,0703,化学类,major,False,True,True,,化,理学工学:化学,普通高等学校本科专业目录（2026年） | 专业大类详解 | 专业就业去向.xlsx | 专业院校宝典.xlsx
070307T,资源化学,理学,0703,化学类,major,False,True,True,,化,理学工学:化学,普通高等学校本科专业目录（2026年） | 专业大类详解 | 专业就业去向.xlsx | 专业院校宝典.xlsx
070401,天文学,理学,0704,天文学类,major,True,True,True,,,,普通高等学校本科专业目录（2026年） | 专业详解.xlsx | 专业大类详解
070501,地理科学,理学,0705,地理科学类,major,True,True,True,,,理学工学:地理,普通高等学校本科专业目录（2026年） | 专业详解.xlsx | 专业大类详解 | 专业院校宝典.xlsx
070502,自然地理与资源环境,理学,0705,地理科学类,major,True,True,True,,,理学工学:地理,普通高等学校本科专业目录（2026年） | 专业详解.xlsx | 专业大类详解 | 专业院校宝典.xlsx
070503,人文地理与城乡规划,理学,0705,地理科学类,major,True,True,True,,,理学工学:地理,普通高等学校本科专业目录（2026年） | 专业详解.xlsx | 专业大类详解 | 专业院校宝典.xlsx
070504,地理信息科学,理学,0705,地理科学类,major,True,True,True,,,理学工学:地理,普通高等学校本科专业目录（2026年） | 专业详解.xlsx | 专业大类详解 | 专业院校宝典.xlsx
070601,大气科学,理学,0706,大气科学类,major,True,True,True,,气,,普通高等学校本科专业目录（2026年） | 专业详解.xlsx | 专业大类详解 | 专业就业去向.xlsx
070602,应用气象学,理学,0706,大气科学类,major,True,True,True,,气,,普通高等学校本科专业目录（2026年） | 专业详解.xlsx | 专业大类详解 | 专业就业去向.xlsx
070603T,气象技术与工程,理学,0706,大气科学类,major,True,True,True,,气,,普通高等学校本科专业目录（2026年） | 专业详解.xlsx | 专业大类详解 | 专业就业去向.xlsx
070604T,地球系统科学,理学,0706,大气科学类,major,False,True,True,,气,,普通高等学校本科专业目录（2026年） | 专业大类详解 | 专业就业去向.xlsx
070701,海洋科学,理学,0707,海洋科学类,major,True,True,True,,,理学工学:海洋科学,普通高等学校本科专业目录（2026年） | 专业详解.xlsx | 专业大类详解 | 专业院校宝典.xlsx
070702,海洋技术,理学,0707,海洋科学类,major,True,True,True,,,理学工学:海洋科学,普通高等学校本科专业目录（2026年） | 专业详解.xlsx | 专业大类详解 | 专业院校宝典.xlsx
070703T,海洋资源与环境,理学,0707,海洋科学类,major,True,True,True,,,理学工学:海洋科学,普通高等学校本科专业目录（2026年） | 专业详解.xlsx | 专业大类详解 | 专业院校宝典.xlsx
070704T,军事海洋学,理学,0707,海洋科学类,major,False,True,True,,,理学工学:海洋科学,普通高等学校本科专业目录（2026年） | 专业大类详解 | 专业院校宝典.xlsx
070705T,海洋科学与技术,理学,0707,海洋科学类,major,False,True,True,,,理学工学:海洋科学,普通高等学校本科专业目录（2026年） | 专业大类详解 | 专业院校宝典.xlsx
070801,地球物理学,理学,0708,地球物理学类,major,True,True,True,,,理学工学:地球物理学,普通高等学校本科专业目录（2026年） | 专业详解.xlsx | 专业大类详解 | 专业院校宝典.xlsx
070802,空间科学与技术,理学,0708,地球物理学类,major,True,True,True,,,理学工学:地球物理学,普通高等学校本科专业目录（2026年） | 专业详解.xlsx | 专业大类详解 | 专业院校宝典.xlsx
070803T,防灾减灾科学与工程,理学,0708,地球物理学类,major,True,True,True,,,理学工学:地球物理学,普通高等学校本科专业目录（2026年） | 专业详解.xlsx | 专业大类详解 | 专业院校宝典.xlsx
070804TK,行星科学,理学,0708,地球物理学类,major,False,True,True,,,理学工学:地球物理学,普通高等学校本科专业目录（2026年） | 专业大类详解 | 专业院校宝典.xlsx
070901,地质学,理学,0709,地质学类,major,True,True,True,,地,理学工学:地质学,普通高等学校本科专业目录（2026年） | 专业详解.xlsx | 专业大类详解 | 专业就业去向.xlsx | 专业院校宝典.xlsx
070902,地球化学,理学,0709,地质学类,major,True,True,True,,地,理学工学:地质学,普通高等学校本科专业目录（2026年） | 专业详解.xlsx | 专业大类详解 | 专业就业去向.xlsx | 专业院校宝典.xlsx
070903T,地球信息科学与技术,理学,0709,地质学类,major,True,True,True,,地,理学工学:地质学,普通高等学校本科专业目录（2026年） | 专业详解.xlsx | 专业大类详解 | 专业就业去向.xlsx | 专业院校宝典.xlsx
070904T,古生物学,理学,0709,地质学类,major,True,True,True,,地,理学工学:地质学,普通高等学校本科专业目录（2026年） | 专业详解.xlsx | 专业大类详解 | 专业就业去向.xlsx | 专业院校宝典.xlsx
071001,生物科学,理学,0710,生物科学类,major,True,True,True,,生,理学工学:生物学,普通高等学校本科专业目录（2026年） | 专业详解.xlsx | 专业大类详解 | 专业就业去向.xlsx | 专业院校宝典.xlsx
071002,生物技术,理学,0710,生物科学类,major,True,True,True,,生,理学工学:生物学,普通高等学校本科专业目录（2026年） | 专业详解.xlsx | 专业大类详解 | 专业就业去向.xlsx | 专业院校宝典.xlsx
071003,生物信息学,理学,0710,生物科学类,major,True,True,True,,生,理学工学:生物学,普通高等学校本科专业目录（2026年） | 专业详解.xlsx | 专业大类详解 | 专业就业去向.xlsx | 专业院校宝典.xlsx
071004,生态学,理学,0710,生物科学类,major,True,True,True,,生,理学工学:生物学,普通高等学校本科专业目录（2026年） | 专业详解.xlsx | 专业大类详解 | 专业就业去向.xlsx | 专业院校宝典.xlsx
071005T,整合科学,理学,0710,生物科学类,major,False,True,True,,生,理学工学:生物学,普通高等学校本科专业目录（2026年） | 专业大类详解 | 专业就业去向.xlsx | 专业院校宝典.xlsx
071006T,神经科学,理学,0710,生物科学类,major,False,True,True,,生,理学工学:生物学,普通高等学校本科专业目录（2026年） | 专业大类详解 | 专业就业去向.xlsx | 专业院校宝典.xlsx
071101,心理学,理学,0711,心理学类,major,True,True,True,,,理学工学:系统科学,普通高等学校本科专业目录（2026年） | 专业详解.xlsx | 专业大类详解 | 专业院校宝典.xlsx
071102,应用心理学,理学,0711,心理学类,major,True,True,True,,,理学工学:系统科学,普通高等学校本科专业目录（2026年） | 专业详解.xlsx | 专业大类详解 | 专业院校宝典.xlsx
071103TK,心理、脑与认知科学,理学,0711,心理学类,major,False,True,True,,,理学工学:系统科学,普通高等学校本科专业目录（2026年） | 专业大类详解 | 专业院校宝典.xlsx
071201,统计学,理学,0712,统计学类,major,True,True,True,统计学类,数统,统计学,普通高等学校本科专业目录（2026年） | 专业详解.xlsx | 专业大类详解 | 大学专业课程.xlsx | 专业就业去向.xlsx | 专业院校宝典.xlsx
071202,应用统计学,理学,0712,统计学类,major,True,True,True,统计学类,数统,统计学,普通高等学校本科专业目录（2026年） | 专业详解.xlsx | 专业大类详解 | 大学专业课程.xlsx | 专业就业去向.xlsx | 专业院校宝典.xlsx
071203T,数据科学,理学,0712,统计学类,major,True,True,True,统计学类,数统,统计学,普通高等学校本科专业目录（2026年） | 专业详解.xlsx | 专业大类详解 | 大学专业课程.xlsx | 专业就业去向.xlsx | 专业院校宝典.xlsx
071204T,生物统计学,理学,0712,统计学类,major,True,True,True,统计学类,数统,统计学,普通高等学校本科专业目录（2026年） | 专业详解.xlsx | 专业大类详解 | 大学专业课程.xlsx | 专业就业去向.xlsx | 专业院校宝典.xlsx
080101,理论与应用力学,工学,0801,力学类,major,True,True,True,,力,,普通高等学校本科专业目录（2026年） | 专业详解.xlsx | 专业大类详解 | 专业就业去向.xlsx
080102,工程力学,工学,0801,力学类,major,True,True,True,,力,,普通高等学校本科专业目录（2026年） | 专业详解.xlsx | 专业大类详解 | 专业就业去向.xlsx
080201,机械工程,工学,0802,机械类,major,True,True,True,机械类,械,机械,普通高等学校本科专业目录（2026年） | 专业详解.xlsx | 专业大类详解 | 大学专业课程.xlsx | 专业就业去向.xlsx | 专业院校宝典.xlsx
080202,机械设计制造及其自动化,工学,0802,机械类,major,True,True,True,机械类,械,机械,普通高等学校本科专业目录（2026年） | 专业详解.xlsx | 专业大类详解 | 大学专业课程.xlsx | 专业就业去向.xlsx | 专业院校宝典.xlsx
080203,材料成型及控制工程,工学,0802,机械类,major,True,True,True,机械类,械,机械,普通高等学校本科专业目录（2026年） | 专业详解.xlsx | 专业大类详解 | 大学专业课程.xlsx | 专业就业去向.xlsx | 专业院校宝典.xlsx
080204,机械电子工程,工学,0802,机械类,major,True,True,True,机械类,械,机械,普通高等学校本科专业目录（2026年） | 专业详解.xlsx | 专业大类详解 | 大学专业课程.xlsx | 专业就业去向.xlsx | 专业院校宝典.xlsx
080205,工业设计,工学,0802,机械类,major,True,True,True,机械类,械,机械,普通高等学校本科专业目录（2026年） | 专业详解.xlsx | 专业大类详解 | 大学专业课程.xlsx | 专业就业去向.xlsx | 专业院校宝典.xlsx
080206,过程装备与控制工程,工学,0802,机械类,major,True,True,True,机械类,械,机械,普通高等学校本科专业目录（2026年） | 专业详解.xlsx | 专业大类详解 | 大学专业课程.xlsx | 专业就业去向.xlsx | 专业院校宝典.xlsx
080207,车辆工程,工学,0802,机械类,major,True,True,True,机械类,械,机械,普通高等学校本科专业目录（2026年） | 专业详解.xlsx | 专业大类详解 | 大学专业课程.xlsx | 专业就业去向.xlsx | 专业院校宝典.xlsx
080208,汽车服务工程,工学,0802,机械类,major,True,True,True,机械类,械,机械,普通高等学校本科专业目录（2026年） | 专业详解.xlsx | 专业大类详解 | 大学专业课程.xlsx | 专业就业去向.xlsx | 专业院校宝典.xlsx
080209T,机械工艺技术,工学,0802,机械类,major,False,True,True,机械类,械,机械,普通高等学校本科专业目录（2026年） | 专业大类详解 | 大学专业课程.xlsx | 专业就业去向.xlsx | 专业院校宝典.xlsx
080210T,微机电系统工程,工学,0802,机械类,major,False,True,True,机械类,械,机械,普通高等学校本科专业目录（2026年） | 专业大类详解 | 大学专业课程.xlsx | 专业就业去向.xlsx | 专业院校宝典.xlsx
080211T,机电技术教育,工学,0802,机械类,major,True,False,True,机械类,械,机械,普通高等学校本科专业目录（2026年） | 专业详解.xlsx | 专业大类详解 | 大学专业课程.xlsx | 专业就业去向.xlsx | 专业院校宝典.xlsx
080212T,汽车维修工程教育,工学,0802,机械类,class,False,False,True,机械类,械,机械,普通高等学校本科专业目录（2026年） | 专业大类详解 | 大学专业课程.xlsx | 专业就业去向.xlsx | 专业院校宝典.xlsx
080213T,智能制造工程,工学,0802,机械类,major,True,True,True,机械类,械,机械,普通高等学校本科专业目录（2026年） | 专业详解.xlsx | 专业大类详解 | 大学专业课程.xlsx | 专业就业去向.xlsx | 专业院校宝典.xlsx
080214T,智能车辆工程,工学,0802,机械类,major,True,True,True,机械类,械,机械,普通高等学校本科专业目录（2026年） | 专业详解.xlsx | 专业大类详解 | 大学专业课程.xlsx | 专业就业去向.xlsx | 专业院校宝典.xlsx
080215T,仿生科学与工程,工学,0802,机械类,major,True,True,True,机械类,械,机械,普通高等学校本科专业目录（2026年） | 专业详解.xlsx | 专业大类详解 | 大学专业课程.xlsx | 专业就业去向.xlsx | 专业院校宝典.xlsx
080216T,新能源汽车工程,工学,0802,机械类,major,True,True,True,机械类,械,机械,普通高等学校本科专业目录（2026年） | 专业详解.xlsx | 专业大类详解 | 大学专业课程.xlsx | 专业就业去向.xlsx | 专业院校宝典.xlsx
080217T,增材制造工程,工学,0802,机械类,major,True,True,True,机械类,械,机械,普通高等学校本科专业目录（2026年） | 专业详解.xlsx | 专业大类详解 | 大学专业课程.xlsx | 专业就业去向.xlsx | 专业院校宝典.xlsx
080218T,智能交互设计,工学,0802,机械类,major,True,True,True,机械类,械,机械,普通高等学校本科专业目录（2026年） | 专业详解.xlsx | 专业大类详解 | 大学专业课程.xlsx | 专业就业去向.xlsx | 专业院校宝典.xlsx
080219T,应急装备技术与工程,工学,0802,机械类,major,True,True,True,机械类,械,机械,普通高等学校本科专业目录（2026年） | 专业详解.xlsx | 专业大类详解 | 大学专业课程.xlsx | 专业就业去向.xlsx | 专业院校宝典.xlsx
080220T,农林智能装备工程,工学,0802,机械类,major,False,True,True,机械类,械,机械,普通高等学校本科专业目录（2026年） | 专业大类详解 | 大学专业课程.xlsx | 专业就业去向.xlsx | 专业院校宝典.xlsx
080221T,真空工程与技术,工学,0802,机械类,major,False,True,True,机械类,械,机械,普通高等学校本科专业目录（2026年） | 专业大类详解 | 大学专业课程.xlsx | 专业就业去向.xlsx | 专业院校宝典.xlsx
080301,测控技术与仪器,工学,0803,仪器类,major,True,True,True,仪器类,仪,仪器,普通高等学校本科专业目录（2026年） | 专业详解.xlsx | 专业大类详解 | 大学专业课程.xlsx | 专业就业去向.xlsx | 专业院校宝典.xlsx
080302T,精密仪器,工学,0803,仪器类,major,False,True,True,仪器类,仪,仪器,普通高等学校本科专业目录（2026年） | 专业大类详解 | 大学专业课程.xlsx | 专业就业去向.xlsx | 专业院校宝典.xlsx
080303T,智能感知工程,工学,0803,仪器类,major,True,True,True,仪器类,仪,仪器,普通高等学校本科专业目录（2026年） | 专业详解.xlsx | 专业大类详解 | 大学专业课程.xlsx | 专业就业去向.xlsx | 专业院校宝典.xlsx
080401,材料科学与工程,工学,0804,材料类,major,True,True,True,材料类,材,材料,普通高等学校本科专业目录（2026年） | 专业详解.xlsx | 专业大类详解 | 大学专业课程.xlsx | 专业就业去向.xlsx | 专业院校宝典.xlsx
080402,材料物理,工学,0804,材料类,major,True,True,True,材料类,材,材料,普通高等学校本科专业目录（2026年） | 专业详解.xlsx | 专业大类详解 | 大学专业课程.xlsx | 专业就业去向.xlsx | 专业院校宝典.xlsx
080403,材料化学,工学,0804,材料类,major,True,True,True,材料类,材,材料,普通高等学校本科专业目录（2026年） | 专业详解.xlsx | 专业大类详解 | 大学专业课程.xlsx | 专业就业去向.xlsx | 专业院校宝典.xlsx
080404,冶金工程,工学,0804,材料类,major,True,True,True,材料类,材,材料,普通高等学校本科专业目录（2026年） | 专业详解.xlsx | 专业大类详解 | 大学专业课程.xlsx | 专业就业去向.xlsx | 专业院校宝典.xlsx
080405,金属材料工程,工学,0804,材料类,major,True,True,True,材料类,材,材料,普通高等学校本科专业目录（2026年） | 专业详解.xlsx | 专业大类详解 | 大学专业课程.xlsx | 专业就业去向.xlsx | 专业院校宝典.xlsx
080406,无机非金属材料工程,工学,0804,材料类,major,True,True,True,材料类,材,材料,普通高等学校本科专业目录（2026年） | 专业详解.xlsx | 专业大类详解 | 大学专业课程.xlsx | 专业就业去向.xlsx | 专业院校宝典.xlsx
080407,高分子材料与工程,工学,0804,材料类,major,True,True,True,材料类,材,材料,普通高等学校本科专业目录（2026年） | 专业详解.xlsx | 专业大类详解 | 大学专业课程.xlsx | 专业就业去向.xlsx | 专业院校宝典.xlsx
080408,复合材料与工程,工学,0804,材料类,major,True,True,True,材料类,材,材料,普通高等学校本科专业目录（2026年） | 专业详解.xlsx | 专业大类详解 | 大学专业课程.xlsx | 专业就业去向.xlsx | 专业院校宝典.xlsx
080409T,粉体材料科学与工程,工学,0804,材料类,major,True,True,True,材料类,材,材料,普通高等学校本科专业目录（2026年） | 专业详解.xlsx | 专业大类详解 | 大学专业课程.xlsx | 专业就业去向.xlsx | 专业院校宝典.xlsx
080410T,宝石及材料工艺学,工学,0804,材料类,major,True,True,True,材料类,材,材料,普通高等学校本科专业目录（2026年） | 专业详解.xlsx | 专业大类详解 | 大学专业课程.xlsx | 专业就业去向.xlsx | 专业院校宝典.xlsx
080411T,焊接技术与工程,工学,0804,材料类,major,True,True,True,材料类,材,材料,普通高等学校本科专业目录（2026年） | 专业详解.xlsx | 专业大类详解 | 大学专业课程.xlsx | 专业就业去向.xlsx | 专业院校宝典.xlsx
080412T,功能材料,工学,0804,材料类,major,True,True,True,材料类,材,材料,普通高等学校本科专业目录（2026年） | 专业详解.xlsx | 专业大类详解 | 大学专业课程.xlsx | 专业就业去向.xlsx | 专业院校宝典.xlsx
080413T,纳米材料与技术,工学,0804,材料类,major,True,True,True,材料类,材,材料,普通高等学校本科专业目录（2026年） | 专业详解.xlsx | 专业大类详解 | 大学专业课程.xlsx | 专业就业去向.xlsx | 专业院校宝典.xlsx
080414T,新能源材料与器件,工学,0804,材料类,major,True,True,True,材料类,材,材料,普通高等学校本科专业目录（2026年） | 专业详解.xlsx | 专业大类详解 | 大学专业课程.xlsx | 专业就业去向.xlsx | 专业院校宝典.xlsx
080415T,材料设计科学与工程,工学,0804,材料类,major,False,True,True,材料类,材,材料,普通高等学校本科专业目录（2026年） | 专业大类详解 | 大学专业课程.xlsx | 专业就业去向.xlsx | 专业院校宝典.xlsx
080416T,复合材料成型工程,工学,0804,材料类,major,True,True,True,材料类,材,材料,普通高等学校本科专业目录（2026年） | 专业详解.xlsx | 专业大类详解 | 大学专业课程.xlsx | 专业就业去向.xlsx | 专业院校宝典.xlsx
080417T,智能材料与结构,工学,0804,材料类,major,True,True,True,材料类,材,材料,普通高等学校本科专业目录（2026年） | 专业详解.xlsx | 专业大类详解 | 大学专业课程.xlsx | 专业就业去向.xlsx | 专业院校宝典.xlsx
080418T,光电信息材料与器件,工学,0804,材料类,major,True,True,True,材料类,材,材料,普通高等学校本科专业目录（2026年） | 专业详解.xlsx | 专业大类详解 | 大学专业课程.xlsx | 专业就业去向.xlsx | 专业院校宝典.xlsx
080419T,生物材料,工学,0804,材料类,major,True,True,True,材料类,材,材料,普通高等学校本科专业目录（2026年） | 专业详解.xlsx | 专业大类详解 | 大学专业课程.xlsx | 专业就业去向.xlsx | 专业院校宝典.xlsx
080420T,材料智能技术,工学,0804,材料类,major,True,True,True,材料类,材,材料,普通高等学校本科专业目录（2026年） | 专业详解.xlsx | 专业大类详解 | 大学专业课程.xlsx | 专业就业去向.xlsx | 专业院校宝典.xlsx
080421T,电子信息材料,工学,0804,材料类,major,True,True,True,材料类,材,材料,普通高等学校本科专业目录（2026年） | 专业详解.xlsx | 专业大类详解 | 大学专业课程.xlsx | 专业就业去向.xlsx | 专业院校宝典.xlsx
080422T,软物质科学与工程,工学,0804,材料类,major,False,True,True,材料类,材,材料,普通高等学校本科专业目录（2026年） | 专业大类详解 | 大学专业课程.xlsx | 专业就业去向.xlsx | 专业院校宝典.xlsx
080423T,稀土材料科学与工程,工学,0804,材料类,major,False,True,True,材料类,材,材料,普通高等学校本科专业目录（2026年） | 专业大类详解 | 大学专业课程.xlsx | 专业就业去向.xlsx | 专业院校宝典.xlsx
080501,能源与动力工程,工学,0805,能源动力类,major,True,True,True,能动类,能动,能源动力,普通高等学校本科专业目录（2026年） | 专业详解.xlsx | 专业大类详解 | 大学专业课程.xlsx | 专业就业去向.xlsx | 专业院校宝典.xlsx
080502T,能源与环境系统工程,工学,0805,能源动力类,major,True,True,True,能动类,能动,能源动力,普通高等学校本科专业目录（2026年） | 专业详解.xlsx | 专业大类详解 | 大学专业课程.xlsx | 专业就业去向.xlsx | 专业院校宝典.xlsx
080503T,新能源科学与工程,工学,0805,能源动力类,major,True,True,True,能动类,新,能源动力,普通高等学校本科专业目录（2026年） | 专业详解.xlsx | 专业大类详解 | 大学专业课程.xlsx | 专业就业去向.xlsx | 专业院校宝典.xlsx
080504T,储能科学与工程,工学,0805,能源动力类,major,True,True,True,能动类,能动,能源动力,普通高等学校本科专业目录（2026年） | 专业详解.xlsx | 专业大类详解 | 大学专业课程.xlsx | 专业就业去向.xlsx | 专业院校宝典.xlsx
080505T,能源服务工程,工学,0805,能源动力类,major,True,True,True,能动类,能动,能源动力,普通高等学校本科专业目录（2026年） | 专业详解.xlsx | 专业大类详解 | 大学专业课程.xlsx | 专业就业去向.xlsx | 专业院校宝典.xlsx
080506TK,氢能科学与工程,工学,0805,能源动力类,major,True,True,True,能动类,能动,能源动力,普通高等学校本科专业目录（2026年） | 专业详解.xlsx | 专业大类详解 | 大学专业课程.xlsx | 专业就业去向.xlsx | 专业院校宝典.xlsx
080507TK,可持续能源,工学,0805,能源动力类,major,True,True,True,能动类,能动,能源动力,普通高等学校本科专业目录（2026年） | 专业详解.xlsx | 专业大类详解 | 大学专业课程.xlsx | 专业就业去向.xlsx | 专业院校宝典.xlsx
080508T,能源科学与工程,工学,0805,能源动力类,major,False,True,True,能动类,能动,能源动力,普通高等学校本科专业目录（2026年） | 专业大类详解 | 大学专业课程.xlsx | 专业就业去向.xlsx | 专业院校宝典.xlsx
080601,电气工程及其自动化,工学,0806,电气类,major,True,True,True,电气类,电气,,普通高等学校本科专业目录（2026年） | 专业详解.xlsx | 专业大类详解 | 大学专业课程.xlsx | 专业就业去向.xlsx
080602T,智能电网信息工程,工学,0806,电气类,major,True,True,True,电气类,电气,,普通高等学校本科专业目录（2026年） | 专业详解.xlsx | 专业大类详解 | 大学专业课程.xlsx | 专业就业去向.xlsx
080603T,光源与照明,工学,0806,电气类,major,True,True,True,电气类,电气,,普通高等学校本科专业目录（2026年） | 专业详解.xlsx | 专业大类详解 | 大学专业课程.xlsx | 专业就业去向.xlsx
080604T,电气工程与智能控制,工学,0806,电气类,major,True,True,True,电气类,电气,,普通高等学校本科专业目录（2026年） | 专业详解.xlsx | 专业大类详解 | 大学专业课程.xlsx | 专业就业去向.xlsx
080605T,电机电器智能化,工学,0806,电气类,major,False,True,True,电气类,电气,,普通高等学校本科专业目录（2026年） | 专业大类详解 | 大学专业课程.xlsx | 专业就业去向.xlsx
080606T,电缆工程,工学,0806,电气类,major,True,True,True,电气类,电气,,普通高等学校本科专业目录（2026年） | 专业详解.xlsx | 专业大类详解 | 大学专业课程.xlsx | 专业就业去向.xlsx
080607T,能源互联网工程,工学,0806,电气类,major,True,True,True,电气类,电气,,普通高等学校本科专业目录（2026年） | 专业详解.xlsx | 专业大类详解 | 大学专业课程.xlsx | 专业就业去向.xlsx
080608TK,智慧能源工程,工学,0806,电气类,major,True,True,True,电气类,电气,,普通高等学校本科专业目录（2026年） | 专业详解.xlsx | 专业大类详解 | 大学专业课程.xlsx | 专业就业去向.xlsx
080609T,电动载运工程,工学,0806,电气类,major,False,True,True,电气类,电气,,普通高等学校本科专业目录（2026年） | 专业大类详解 | 大学专业课程.xlsx | 专业就业去向.xlsx
080610TK,大功率半导体科学与工程,工学,0806,电气类,major,True,True,True,电气类,电气,,普通高等学校本科专业目录（2026年） | 专业详解.xlsx | 专业大类详解 | 大学专业课程.xlsx | 专业就业去向.xlsx
080701,电子信息工程,工学,0807,电子信息类,major,True,True,True,电子类,电子,电子信息类,普通高等学校本科专业目录（2026年） | 专业详解.xlsx | 专业大类详解 | 大学专业课程.xlsx | 专业就业去向.xlsx | 专业院校宝典.xlsx
080702,电子科学与技术,工学,0807,电子信息类,major,True,True,True,电子类,电子,电子信息类,普通高等学校本科专业目录（2026年） | 专业详解.xlsx | 专业大类详解 | 大学专业课程.xlsx | 专业就业去向.xlsx | 专业院校宝典.xlsx
080703,通信工程,工学,0807,电子信息类,major,True,True,True,通信类,通,电子信息类,普通高等学校本科专业目录（2026年） | 专业详解.xlsx | 专业大类详解 | 大学专业课程.xlsx | 专业就业去向.xlsx | 专业院校宝典.xlsx
080704,微电子科学与工程,工学,0807,电子信息类,major,True,True,True,电子类,电子,电子信息类,普通高等学校本科专业目录（2026年） | 专业详解.xlsx | 专业大类详解 | 大学专业课程.xlsx | 专业就业去向.xlsx | 专业院校宝典.xlsx
080705,光电信息科学与工程,工学,0807,电子信息类,major,True,True,True,电子类,光,电子信息类,普通高等学校本科专业目录（2026年） | 专业详解.xlsx | 专业大类详解 | 大学专业课程.xlsx | 专业就业去向.xlsx | 专业院校宝典.xlsx
080706,信息工程,工学,0807,电子信息类,major,True,True,True,电子类,电子,电子信息类,普通高等学校本科专业目录（2026年） | 专业详解.xlsx | 专业大类详解 | 大学专业课程.xlsx | 专业就业去向.xlsx | 专业院校宝典.xlsx
080707T,广播电视工程,工学,0807,电子信息类,major,True,True,True,电子类,电子,电子信息类,普通高等学校本科专业目录（2026年） | 专业详解.xlsx | 专业大类详解 | 大学专业课程.xlsx | 专业就业去向.xlsx | 专业院校宝典.xlsx
080708T,水声工程,工学,0807,电子信息类,major,True,True,True,电子类,电子,电子信息类,普通高等学校本科专业目录（2026年） | 专业详解.xlsx | 专业大类详解 | 大学专业课程.xlsx | 专业就业去向.xlsx | 专业院校宝典.xlsx
080709T,电子封装技术,工学,0807,电子信息类,major,True,True,True,电子类,电子,电子信息类,普通高等学校本科专业目录（2026年） | 专业详解.xlsx | 专业大类详解 | 大学专业课程.xlsx | 专业就业去向.xlsx | 专业院校宝典.xlsx
080710T,集成电路设计与集成系统,工学,0807,电子信息类,major,True,True,True,电子类,电子,电子信息类,普通高等学校本科专业目录（2026年） | 专业详解.xlsx | 专业大类详解 | 大学专业课程.xlsx | 专业就业去向.xlsx | 专业院校宝典.xlsx
080711T,医学信息工程,工学,0807,电子信息类,major,True,True,True,电子类,电子,电子信息类,普通高等学校本科专业目录（2026年） | 专业详解.xlsx | 专业大类详解 | 大学专业课程.xlsx | 专业就业去向.xlsx | 专业院校宝典.xlsx
080712T,电磁场与无线技术,工学,0807,电子信息类,major,True,True,True,电子类,电子,电子信息类,普通高等学校本科专业目录（2026年） | 专业详解.xlsx | 专业大类详解 | 大学专业课程.xlsx | 专业就业去向.xlsx | 专业院校宝典.xlsx
080713T,电波传播与天线,工学,0807,电子信息类,major,False,True,True,电子类,电子,电子信息类,普通高等学校本科专业目录（2026年） | 专业大类详解 | 大学专业课程.xlsx | 专业就业去向.xlsx | 专业院校宝典.xlsx
080714T,电子信息科学与技术,工学,0807,电子信息类,major,True,True,True,电子类,电子,电子信息类,普通高等学校本科专业目录（2026年） | 专业详解.xlsx | 专业大类详解 | 大学专业课程.xlsx | 专业就业去向.xlsx | 专业院校宝典.xlsx
080715T,电信工程及管理,工学,0807,电子信息类,major,True,True,True,通信类,通,电子信息类,普通高等学校本科专业目录（2026年） | 专业详解.xlsx | 专业大类详解 | 大学专业课程.xlsx | 专业就业去向.xlsx | 专业院校宝典.xlsx
080716T,应用电子技术教育,工学,0807,电子信息类,major,False,True,True,电子类,电子,电子信息类,普通高等学校本科专业目录（2026年） | 专业大类详解 | 大学专业课程.xlsx | 专业就业去向.xlsx | 专业院校宝典.xlsx
080717T,人工智能,工学,0807,电子信息类,major,True,True,True,电子类,电子,电子信息类,普通高等学校本科专业目录（2026年） | 专业详解.xlsx | 专业大类详解 | 大学专业课程.xlsx | 专业就业去向.xlsx | 专业院校宝典.xlsx
080718T,海洋信息工程,工学,0807,电子信息类,major,True,True,True,电子类,电子,电子信息类,普通高等学校本科专业目录（2026年） | 专业详解.xlsx | 专业大类详解 | 大学专业课程.xlsx | 专业就业去向.xlsx | 专业院校宝典.xlsx
080719T,柔性电子学,工学,0807,电子信息类,major,True,True,True,电子类,电子,电子信息类,普通高等学校本科专业目录（2026年） | 专业详解.xlsx | 专业大类详解 | 大学专业课程.xlsx | 专业就业去向.xlsx | 专业院校宝典.xlsx
080720T,智能测控工程,工学,0807,电子信息类,major,True,True,True,电子类,电子,电子信息类,普通高等学校本科专业目录（2026年） | 专业详解.xlsx | 专业大类详解 | 大学专业课程.xlsx | 专业就业去向.xlsx | 专业院校宝典.xlsx
080721T,智能视觉工程,工学,0807,电子信息类,major,False,True,True,电子类,电子,电子信息类,普通高等学校本科专业目录（2026年） | 专业大类详解 | 大学专业课程.xlsx | 专业就业去向.xlsx | 专业院校宝典.xlsx
080722T,智能视听工程,工学,0807,电子信息类,major,True,True,True,电子类,电子,电子信息类,普通高等学校本科专业目录（2026年） | 专业详解.xlsx | 专业大类详解 | 大学专业课程.xlsx | 专业就业去向.xlsx | 专业院校宝典.xlsx
080723TK,半导体工艺与装备,工学,0807,电子信息类,major,False,True,True,电子类,电子,电子信息类,普通高等学校本科专业目录（2026年） | 专业大类详解 | 大学专业课程.xlsx | 专业就业去向.xlsx | 专业院校宝典.xlsx
080801,自动化,工学,0808,自动化类,major,True,True,True,控制类,自,自动化,普通高等学校本科专业目录（2026年） | 专业详解.xlsx | 专业大类详解 | 大学专业课程.xlsx | 专业就业去向.xlsx | 专业院校宝典.xlsx
080802T,轨道交通信号与控制,工学,0808,自动化类,major,True,True,True,控制类,自,自动化,普通高等学校本科专业目录（2026年） | 专业详解.xlsx | 专业大类详解 | 大学专业课程.xlsx | 专业就业去向.xlsx | 专业院校宝典.xlsx
080803T,机器人工程,工学,0808,自动化类,major,True,True,True,控制类,自,自动化,普通高等学校本科专业目录（2026年） | 专业详解.xlsx | 专业大类详解 | 大学专业课程.xlsx | 专业就业去向.xlsx | 专业院校宝典.xlsx
080804T,邮政工程,工学,0808,自动化类,major,True,True,True,控制类,自,自动化,普通高等学校本科专业目录（2026年） | 专业详解.xlsx | 专业大类详解 | 大学专业课程.xlsx | 专业就业去向.xlsx | 专业院校宝典.xlsx
080805T,核电技术与控制工程,工学,0808,自动化类,major,True,True,True,控制类,自,自动化,普通高等学校本科专业目录（2026年） | 专业详解.xlsx | 专业大类详解 | 大学专业课程.xlsx | 专业就业去向.xlsx | 专业院校宝典.xlsx
080806T,智能装备与系统,工学,0808,自动化类,major,True,True,True,控制类,自,自动化,普通高等学校本科专业目录（2026年） | 专业详解.xlsx | 专业大类详解 | 大学专业课程.xlsx | 专业就业去向.xlsx | 专业院校宝典.xlsx
080807T,工业智能,工学,0808,自动化类,major,True,True,True,控制类,自,自动化,普通高等学校本科专业目录（2026年） | 专业详解.xlsx | 专业大类详解 | 大学专业课程.xlsx | 专业就业去向.xlsx | 专业院校宝典.xlsx
080808T,智能工程与创意设计,工学,0808,自动化类,major,True,True,True,控制类,自,自动化,普通高等学校本科专业目录（2026年） | 专业详解.xlsx | 专业大类详解 | 大学专业课程.xlsx | 专业就业去向.xlsx | 专业院校宝典.xlsx
080901,计算机科学与技术,工学,0809,计算机类,major,True,True,True,计算机,计,计算机,普通高等学校本科专业目录（2026年） | 专业详解.xlsx | 专业大类详解 | 大学专业课程.xlsx | 专业就业去向.xlsx | 专业院校宝典.xlsx
080902,软件工程,工学,0809,计算机类,major,True,True,True,计算机,计,计算机,普通高等学校本科专业目录（2026年） | 专业详解.xlsx | 专业大类详解 | 大学专业课程.xlsx | 专业就业去向.xlsx | 专业院校宝典.xlsx
080903,网络工程,工学,0809,计算机类,major,True,True,True,计算机,计,计算机,普通高等学校本科专业目录（2026年） | 专业详解.xlsx | 专业大类详解 | 大学专业课程.xlsx | 专业就业去向.xlsx | 专业院校宝典.xlsx
080904K,信息安全,工学,0809,计算机类,major,True,True,True,计算机,计,计算机,普通高等学校本科专业目录（2026年） | 专业详解.xlsx | 专业大类详解 | 大学专业课程.xlsx | 专业就业去向.xlsx | 专业院校宝典.xlsx
080905,物联网工程,工学,0809,计算机类,major,True,True,True,计算机,计,计算机,普通高等学校本科专业目录（2026年） | 专业详解.xlsx | 专业大类详解 | 大学专业课程.xlsx | 专业就业去向.xlsx | 专业院校宝典.xlsx
080906,数字媒体技术,工学,0809,计算机类,major,True,True,True,计算机,计,计算机,普通高等学校本科专业目录（2026年） | 专业详解.xlsx | 专业大类详解 | 大学专业课程.xlsx | 专业就业去向.xlsx | 专业院校宝典.xlsx
080907T,智能科学与技术,工学,0809,计算机类,major,True,True,True,计算机,计,计算机,普通高等学校本科专业目录（2026年） | 专业详解.xlsx | 专业大类详解 | 大学专业课程.xlsx | 专业就业去向.xlsx | 专业院校宝典.xlsx
080908T,空间信息与数字技术,工学,0809,计算机类,major,True,True,True,计算机,计,计算机,普通高等学校本科专业目录（2026年） | 专业详解.xlsx | 专业大类详解 | 大学专业课程.xlsx | 专业就业去向.xlsx | 专业院校宝典.xlsx
080909T,电子与计算机工程,工学,0809,计算机类,major,True,True,True,计算机,计,计算机,普通高等学校本科专业目录（2026年） | 专业详解.xlsx | 专业大类详解 | 大学专业课程.xlsx | 专业就业去向.xlsx | 专业院校宝典.xlsx
080910T,数据科学与大数据技术,工学,0809,计算机类,major,True,True,True,计算机,计,计算机,普通高等学校本科专业目录（2026年） | 专业详解.xlsx | 专业大类详解 | 大学专业课程.xlsx | 专业就业去向.xlsx | 专业院校宝典.xlsx
080911TK,网络空间安全,工学,0809,计算机类,major,True,True,True,计算机,计,计算机,普通高等学校本科专业目录（2026年） | 专业详解.xlsx | 专业大类详解 | 大学专业课程.xlsx | 专业就业去向.xlsx | 专业院校宝典.xlsx
080912T,新媒体技术,工学,0809,计算机类,major,True,True,True,计算机,计,计算机,普通高等学校本科专业目录（2026年） | 专业详解.xlsx | 专业大类详解 | 大学专业课程.xlsx | 专业就业去向.xlsx | 专业院校宝典.xlsx
080913T,电影制作,工学,0809,计算机类,major,True,True,True,计算机,计,计算机,普通高等学校本科专业目录（2026年） | 专业详解.xlsx | 专业大类详解 | 大学专业课程.xlsx | 专业就业去向.xlsx | 专业院校宝典.xlsx
080914TK,保密技术,工学,0809,计算机类,major,False,True,True,计算机,计,计算机,普通高等学校本科专业目录（2026年） | 专业大类详解 | 大学专业课程.xlsx | 专业就业去向.xlsx | 专业院校宝典.xlsx
080915T,服务科学与工程,工学,0809,计算机类,major,False,True,True,计算机,计,计算机,普通高等学校本科专业目录（2026年） | 专业大类详解 | 大学专业课程.xlsx | 专业就业去向.xlsx | 专业院校宝典.xlsx
080916T,虚拟现实技术,工学,0809,计算机类,major,True,True,True,计算机,计,计算机,普通高等学校本科专业目录（2026年） | 专业详解.xlsx | 专业大类详解 | 大学专业课程.xlsx | 专业就业去向.xlsx | 专业院校宝典.xlsx
080917T,区块链工程,工学,0809,计算机类,major,True,True,True,计算机,计,计算机,普通高等学校本科专业目录（2026年） | 专业详解.xlsx | 专业大类详解 | 大学专业课程.xlsx | 专业就业去向.xlsx | 专业院校宝典.xlsx
080918TK,密码科学与技术,工学,0809,计算机类,major,True,True,True,计算机,计,计算机,普通高等学校本科专业目录（2026年） | 专业详解.xlsx | 专业大类详解 | 大学专业课程.xlsx | 专业就业去向.xlsx | 专业院校宝典.xlsx
080919T,工业软件,工学,0809,计算机类,major,False,True,True,计算机,计,计算机,普通高等学校本科专业目录（2026年） | 专业大类详解 | 大学专业课程.xlsx | 专业就业去向.xlsx | 专业院校宝典.xlsx
081001,土木工程,工学,0810,土木类,major,True,True,True,,土,,普通高等学校本科专业目录（2026年） | 专业详解.xlsx | 专业大类详解 | 专业就业去向.xlsx
081002,建筑环境与能源应用工程,工学,0810,土木类,major,True,True,True,,土,,普通高等学校本科专业目录（2026年） | 专业详解.xlsx | 专业大类详解 | 专业就业去向.xlsx
081003,给排水科学与工程,工学,0810,土木类,major,True,True,True,,土,,普通高等学校本科专业目录（2026年） | 专业详解.xlsx | 专业大类详解 | 专业就业去向.xlsx
081004,建筑电气与智能化,工学,0810,土木类,major,True,True,True,,土,,普通高等学校本科专业目录（2026年） | 专业详解.xlsx | 专业大类详解 | 专业就业去向.xlsx
081005T,城市地下空间工程,工学,0810,土木类,major,True,True,True,,土,,普通高等学校本科专业目录（2026年） | 专业详解.xlsx | 专业大类详解 | 专业就业去向.xlsx
081006T,道路桥梁与渡河工程,工学,0810,土木类,major,True,True,True,,土,,普通高等学校本科专业目录（2026年） | 专业详解.xlsx | 专业大类详解 | 专业就业去向.xlsx
081007T,铁道工程,工学,0810,土木类,major,True,True,True,,土,,普通高等学校本科专业目录（2026年） | 专业详解.xlsx | 专业大类详解 | 专业就业去向.xlsx
081008T,智能建造,工学,0810,土木类,major,True,True,True,,土,,普通高等学校本科专业目录（2026年） | 专业详解.xlsx | 专业大类详解 | 专业就业去向.xlsx
081009T,土木、水利与海洋工程,工学,0810,土木类,major,True,True,True,,土,,普通高等学校本科专业目录（2026年） | 专业详解.xlsx | 专业大类详解 | 专业就业去向.xlsx
081010T,土木、水利与交通工程,工学,0810,土木类,major,True,True,True,,土,,普通高等学校本科专业目录（2026年） | 专业详解.xlsx | 专业大类详解 | 专业就业去向.xlsx
081011T,城市水系统工程,工学,0810,土木类,major,False,True,True,,土,,普通高等学校本科专业目录（2026年） | 专业大类详解 | 专业就业去向.xlsx
081012T,智能建造与智慧交通,工学,0810,土木类,major,True,True,True,,土,,普通高等学校本科专业目录（2026年） | 专业详解.xlsx | 专业大类详解 | 专业就业去向.xlsx
081013T,工程软件,工学,0810,土木类,major,True,True,True,,土,,普通高等学校本科专业目录（2026年） | 专业详解.xlsx | 专业大类详解 | 专业就业去向.xlsx
081014T,城市更新,工学,0810,土木类,major,False,True,True,,土,,普通高等学校本科专业目录（2026年） | 专业大类详解 | 专业就业去向.xlsx
081101,水利水电工程,工学,0811,水利类,major,True,True,True,,水,,普通高等学校本科专业目录（2026年） | 专业详解.xlsx | 专业大类详解 | 专业就业去向.xlsx
081102,水文与水资源工程,工学,0811,水利类,major,True,True,True,,水,,普通高等学校本科专业目录（2026年） | 专业详解.xlsx | 专业大类详解 | 专业就业去向.xlsx
081103,港口航道与海岸工程,工学,0811,水利类,major,True,True,True,,水,,普通高等学校本科专业目录（2026年） | 专业详解.xlsx | 专业大类详解 | 专业就业去向.xlsx
081104T,水务工程,工学,0811,水利类,major,True,True,True,,水,,普通高等学校本科专业目录（2026年） | 专业详解.xlsx | 专业大类详解 | 专业就业去向.xlsx
081105T,水利科学与工程,工学,0811,水利类,major,False,True,True,,水,,普通高等学校本科专业目录（2026年） | 专业大类详解 | 专业就业去向.xlsx
081106T,智慧水利,工学,0811,水利类,major,True,True,True,,水,,普通高等学校本科专业目录（2026年） | 专业详解.xlsx | 专业大类详解 | 专业就业去向.xlsx
081201,测绘工程,工学,0812,测绘类,major,True,True,True,,,,普通高等学校本科专业目录（2026年） | 专业详解.xlsx | 专业大类详解
081202,遥感科学与技术,工学,0812,测绘类,major,True,True,True,,,,普通高等学校本科专业目录（2026年） | 专业详解.xlsx | 专业大类详解
081203T,导航工程,工学,0812,测绘类,major,True,True,True,,,,普通高等学校本科专业目录（2026年） | 专业详解.xlsx | 专业大类详解
081204T,地理国情监测,工学,0812,测绘类,major,False,True,True,,,,普通高等学校本科专业目录（2026年） | 专业大类详解
081205T,地理空间信息工程,工学,0812,测绘类,major,True,True,True,,,,普通高等学校本科专业目录（2026年） | 专业详解.xlsx | 专业大类详解
081206TK,时空信息工程,工学,0812,测绘类,major,True,True,True,,,,普通高等学校本科专业目录（2026年） | 专业详解.xlsx | 专业大类详解
081301,化学工程与工艺,工学,0813,化工与制药类,major,True,True,True,,化工,,普通高等学校本科专业目录（2026年） | 专业详解.xlsx | 专业大类详解 | 专业就业去向.xlsx
081302,制药工程,工学,0813,化工与制药类,major,True,True,True,,化工,,普通高等学校本科专业目录（2026年） | 专业详解.xlsx | 专业大类详解 | 专业就业去向.xlsx
081303T,资源循环科学与工程,工学,0813,化工与制药类,major,True,True,True,,化工,,普通高等学校本科专业目录（2026年） | 专业详解.xlsx | 专业大类详解 | 专业就业去向.xlsx
081304T,能源化学工程,工学,0813,化工与制药类,major,True,True,True,,化工,,普通高等学校本科专业目录（2026年） | 专业详解.xlsx | 专业大类详解 | 专业就业去向.xlsx
081305T,化学工程与工业生物工程,工学,0813,化工与制药类,major,True,True,True,,化工,,普通高等学校本科专业目录（2026年） | 专业详解.xlsx | 专业大类详解 | 专业就业去向.xlsx
081306T,化工安全工程,工学,0813,化工与制药类,major,True,True,True,,化工,,普通高等学校本科专业目录（2026年） | 专业详解.xlsx | 专业大类详解 | 专业就业去向.xlsx
081307T,涂料工程,工学,0813,化工与制药类,major,True,True,True,,化工,,普通高等学校本科专业目录（2026年） | 专业详解.xlsx | 专业大类详解 | 专业就业去向.xlsx
081308T,精细化工,工学,0813,化工与制药类,major,True,True,True,,化工,,普通高等学校本科专业目录（2026年） | 专业详解.xlsx | 专业大类详解 | 专业就业去向.xlsx
081309T,智能分子工程,工学,0813,化工与制药类,major,True,True,True,,化工,,普通高等学校本科专业目录（2026年） | 专业详解.xlsx | 专业大类详解 | 专业就业去向.xlsx
081401,地质工程,工学,0814,地质类,major,True,True,True,,地,,普通高等学校本科专业目录（2026年） | 专业详解.xlsx | 专业大类详解 | 专业就业去向.xlsx
081402,勘查技术与工程,工学,0814,地质类,major,True,True,True,,地,,普通高等学校本科专业目录（2026年） | 专业详解.xlsx | 专业大类详解 | 专业就业去向.xlsx
081403K,资源勘查工程,工学,0814,地质类,major,True,True,True,,地,,普通高等学校本科专业目录（2026年） | 专业详解.xlsx | 专业大类详解 | 专业就业去向.xlsx
081404T,地下水科学与工程,工学,0814,地质类,major,True,True,True,,地,,普通高等学校本科专业目录（2026年） | 专业详解.xlsx | 专业大类详解 | 专业就业去向.xlsx
081405T,旅游地学与规划工程,工学,0814,地质类,major,True,True,True,,地,,普通高等学校本科专业目录（2026年） | 专业详解.xlsx | 专业大类详解 | 专业就业去向.xlsx
081406T,智能地球探测,工学,0814,地质类,major,True,True,True,,地,,普通高等学校本科专业目录（2026年） | 专业详解.xlsx | 专业大类详解 | 专业就业去向.xlsx
081407T,资源环境大数据工程,工学,0814,地质类,major,True,True,True,,地,,普通高等学校本科专业目录（2026年） | 专业详解.xlsx | 专业大类详解 | 专业就业去向.xlsx
081501,采矿工程,工学,0815,矿业类,major,True,True,True,,,,普通高等学校本科专业目录（2026年） | 专业详解.xlsx | 专业大类详解
081502,石油工程,工学,0815,矿业类,major,True,True,True,,,,普通高等学校本科专业目录（2026年） | 专业详解.xlsx | 专业大类详解
081503,矿物加工工程,工学,0815,矿业类,major,True,True,True,,,,普通高等学校本科专业目录（2026年） | 专业详解.xlsx | 专业大类详解
081504,油气储运工程,工学,0815,矿业类,major,True,True,True,,,,普通高等学校本科专业目录（2026年） | 专业详解.xlsx | 专业大类详解
081505T,矿物资源工程,工学,0815,矿业类,major,True,True,True,,,,普通高等学校本科专业目录（2026年） | 专业详解.xlsx | 专业大类详解
081506T,海洋油气工程,工学,0815,矿业类,major,True,True,True,,,,普通高等学校本科专业目录（2026年） | 专业详解.xlsx | 专业大类详解
081507T,智能采矿工程,工学,0815,矿业类,major,True,True,True,,,,普通高等学校本科专业目录（2026年） | 专业详解.xlsx | 专业大类详解
081508TK,碳储科学与工程,工学,0815,矿业类,major,True,True,True,,,,普通高等学校本科专业目录（2026年） | 专业详解.xlsx | 专业大类详解
081509TK,稀土科学与工程,工学,0815,矿业类,major,False,True,True,,,,普通高等学校本科专业目录（2026年） | 专业大类详解
081601,纺织工程,工学,0816,纺织类,major,True,True,True,,,,普通高等学校本科专业目录（2026年） | 专业详解.xlsx | 专业大类详解
081602,服装设计与工程,工学,0816,纺织类,major,True,True,True,,,,普通高等学校本科专业目录（2026年） | 专业详解.xlsx | 专业大类详解
081603T,非织造材料与工程,工学,0816,纺织类,major,True,True,True,,,,普通高等学校本科专业目录（2026年） | 专业详解.xlsx | 专业大类详解
081604T,服装设计与工艺教育,工学,0816,纺织类,major,False,True,True,,,,普通高等学校本科专业目录（2026年） | 专业大类详解
081605T,丝绸设计与工程,工学,0816,纺织类,major,False,True,True,,,,普通高等学校本科专业目录（2026年） | 专业大类详解
081606T,纤维科学与智能制造,工学,0816,纺织类,major,False,True,True,,,,普通高等学校本科专业目录（2026年） | 专业大类详解
081701,轻化工程,工学,0817,轻工类,major,True,True,True,,,,普通高等学校本科专业目录（2026年） | 专业详解.xlsx | 专业大类详解
081702,包装工程,工学,0817,轻工类,major,True,True,True,,,,普通高等学校本科专业目录（2026年） | 专业详解.xlsx | 专业大类详解
081703,印刷工程,工学,0817,轻工类,major,True,True,True,,,,普通高等学校本科专业目录（2026年） | 专业详解.xlsx | 专业大类详解
081704T,香料香精技术与工程,工学,0817,轻工类,major,True,True,True,,,,普通高等学校本科专业目录（2026年） | 专业详解.xlsx | 专业大类详解
081705T,化妆品技术与工程,工学,0817,轻工类,major,True,True,True,,,,普通高等学校本科专业目录（2026年） | 专业详解.xlsx | 专业大类详解
081706TK,生物质能源与材料,工学,0817,轻工类,major,True,True,True,,,,普通高等学校本科专业目录（2026年） | 专业详解.xlsx | 专业大类详解
081707T,生物质技术与工程,工学,0817,轻工类,major,False,True,True,,,,普通高等学校本科专业目录（2026年） | 专业大类详解
081801,交通运输,工学,0818,交通运输类,major,True,True,True,,交,交通运输,普通高等学校本科专业目录（2026年） | 专业详解.xlsx | 专业大类详解 | 专业就业去向.xlsx | 专业院校宝典.xlsx
081802,交通工程,工学,0818,交通运输类,major,True,True,True,,交,交通运输,普通高等学校本科专业目录（2026年） | 专业详解.xlsx | 专业大类详解 | 专业就业去向.xlsx | 专业院校宝典.xlsx
081803K,航海技术,工学,0818,交通运输类,major,False,True,True,,交,交通运输,普通高等学校本科专业目录（2026年） | 专业大类详解 | 专业就业去向.xlsx | 专业院校宝典.xlsx
081804K,轮机工程,工学,0818,交通运输类,major,True,True,True,,交,交通运输,普通高等学校本科专业目录（2026年） | 专业详解.xlsx | 专业大类详解 | 专业就业去向.xlsx | 专业院校宝典.xlsx
081805K,飞行技术,工学,0818,交通运输类,major,False,True,True,,交,交通运输,普通高等学校本科专业目录（2026年） | 专业大类详解 | 专业就业去向.xlsx | 专业院校宝典.xlsx
081806T,交通设备与控制工程,工学,0818,交通运输类,major,True,True,True,,交,交通运输,普通高等学校本科专业目录（2026年） | 专业详解.xlsx | 专业大类详解 | 专业就业去向.xlsx | 专业院校宝典.xlsx
081807T,救助与打捞工程,工学,0818,交通运输类,major,False,True,True,,交,交通运输,普通高等学校本科专业目录（2026年） | 专业大类详解 | 专业就业去向.xlsx | 专业院校宝典.xlsx
081808TK,船舶电子电气工程,工学,0818,交通运输类,major,True,True,True,,交,交通运输,普通高等学校本科专业目录（2026年） | 专业详解.xlsx | 专业大类详解 | 专业就业去向.xlsx | 专业院校宝典.xlsx
081809T,轨道交通电气与控制,工学,0818,交通运输类,major,False,True,True,,交,交通运输,普通高等学校本科专业目录（2026年） | 专业大类详解 | 专业就业去向.xlsx | 专业院校宝典.xlsx
081810T,邮轮工程与管理,工学,0818,交通运输类,major,False,True,True,,交,交通运输,普通高等学校本科专业目录（2026年） | 专业大类详解 | 专业就业去向.xlsx | 专业院校宝典.xlsx
081811T,智慧交通,工学,0818,交通运输类,major,True,True,True,,交,交通运输,普通高等学校本科专业目录（2026年） | 专业详解.xlsx | 专业大类详解 | 专业就业去向.xlsx | 专业院校宝典.xlsx
081812T,智能运输工程,工学,0818,交通运输类,major,False,True,True,,交,交通运输,普通高等学校本科专业目录（2026年） | 专业大类详解 | 专业就业去向.xlsx | 专业院校宝典.xlsx
081813T,交通能源融合工程,工学,0818,交通运输类,major,False,True,True,,交,交通运输,普通高等学校本科专业目录（2026年） | 专业大类详解 | 专业就业去向.xlsx | 专业院校宝典.xlsx
081901,船舶与海洋工程,工学,0819,海洋工程类,major,True,True,True,船舶类,船,,普通高等学校本科专业目录（2026年） | 专业详解.xlsx | 专业大类详解 | 大学专业课程.xlsx | 专业就业去向.xlsx
081902T,海洋工程与技术,工学,0819,海洋工程类,major,True,True,True,船舶类,船,,普通高等学校本科专业目录（2026年） | 专业详解.xlsx | 专业大类详解 | 大学专业课程.xlsx | 专业就业去向.xlsx
081903T,海洋资源开发技术,工学,0819,海洋工程类,major,True,True,True,船舶类,船,,普通高等学校本科专业目录（2026年） | 专业详解.xlsx | 专业大类详解 | 大学专业课程.xlsx | 专业就业去向.xlsx
081904T,海洋机器人,工学,0819,海洋工程类,major,True,True,True,船舶类,船,,普通高等学校本科专业目录（2026年） | 专业详解.xlsx | 专业大类详解 | 大学专业课程.xlsx | 专业就业去向.xlsx
081905T,智慧海洋技术,工学,0819,海洋工程类,major,True,True,True,船舶类,船,,普通高等学校本科专业目录（2026年） | 专业详解.xlsx | 专业大类详解 | 大学专业课程.xlsx | 专业就业去向.xlsx
081906T,智能海洋装备,工学,0819,海洋工程类,major,False,True,True,船舶类,船,,普通高等学校本科专业目录（2026年） | 专业大类详解 | 大学专业课程.xlsx | 专业就业去向.xlsx
081907T,海洋智能与无人技术,工学,0819,海洋工程类,major,False,True,True,船舶类,船,,普通高等学校本科专业目录（2026年） | 专业大类详解 | 大学专业课程.xlsx | 专业就业去向.xlsx
082001,航空航天工程,工学,0820,航空航天类,major,True,True,True,航空航天类,航,航空航天类,普通高等学校本科专业目录（2026年） | 专业详解.xlsx | 专业大类详解 | 大学专业课程.xlsx | 专业就业去向.xlsx | 专业院校宝典.xlsx
082002,飞行器设计与工程,工学,0820,航空航天类,major,True,True,True,航空航天类,航,航空航天类,普通高等学校本科专业目录（2026年） | 专业详解.xlsx | 专业大类详解 | 大学专业课程.xlsx | 专业就业去向.xlsx | 专业院校宝典.xlsx
082003,飞行器制造工程,工学,0820,航空航天类,major,True,True,True,航空航天类,航,航空航天类,普通高等学校本科专业目录（2026年） | 专业详解.xlsx | 专业大类详解 | 大学专业课程.xlsx | 专业就业去向.xlsx | 专业院校宝典.xlsx
082004,飞行器动力工程,工学,0820,航空航天类,major,True,True,True,航空航天类,航,航空航天类,普通高等学校本科专业目录（2026年） | 专业详解.xlsx | 专业大类详解 | 大学专业课程.xlsx | 专业就业去向.xlsx | 专业院校宝典.xlsx
082005,飞行器环境与生命保障工程,工学,0820,航空航天类,major,False,True,True,航空航天类,航,航空航天类,普通高等学校本科专业目录（2026年） | 专业大类详解 | 大学专业课程.xlsx | 专业就业去向.xlsx | 专业院校宝典.xlsx
082006T,飞行器质量与可靠性,工学,0820,航空航天类,major,True,True,True,航空航天类,航,航空航天类,普通高等学校本科专业目录（2026年） | 专业详解.xlsx | 专业大类详解 | 大学专业课程.xlsx | 专业就业去向.xlsx | 专业院校宝典.xlsx
082007T,飞行器适航技术,工学,0820,航空航天类,major,True,True,True,航空航天类,航,航空航天类,普通高等学校本科专业目录（2026年） | 专业详解.xlsx | 专业大类详解 | 大学专业课程.xlsx | 专业就业去向.xlsx | 专业院校宝典.xlsx
082008T,飞行器控制与信息工程,工学,0820,航空航天类,major,True,True,True,航空航天类,航,航空航天类,普通高等学校本科专业目录（2026年） | 专业详解.xlsx | 专业大类详解 | 大学专业课程.xlsx | 专业就业去向.xlsx | 专业院校宝典.xlsx
082009T,无人驾驶航空器系统工程,工学,0820,航空航天类,major,True,True,True,航空航天类,航,航空航天类,普通高等学校本科专业目录（2026年） | 专业详解.xlsx | 专业大类详解 | 大学专业课程.xlsx | 专业就业去向.xlsx | 专业院校宝典.xlsx
082010T,智能飞行器技术,工学,0820,航空航天类,major,True,True,True,航空航天类,航,航空航天类,普通高等学校本科专业目录（2026年） | 专业详解.xlsx | 专业大类详解 | 大学专业课程.xlsx | 专业就业去向.xlsx | 专业院校宝典.xlsx
082011T,空天智能电推进技术,工学,0820,航空航天类,major,False,True,True,航空航天类,航,航空航天类,普通高等学校本科专业目录（2026年） | 专业大类详解 | 大学专业课程.xlsx | 专业就业去向.xlsx | 专业院校宝典.xlsx
082012T,飞行器运维工程,工学,0820,航空航天类,major,True,True,True,航空航天类,航,航空航天类,普通高等学校本科专业目录（2026年） | 专业详解.xlsx | 专业大类详解 | 大学专业课程.xlsx | 专业就业去向.xlsx | 专业院校宝典.xlsx
082101,武器系统与工程,工学,0821,兵器类,major,True,True,True,,兵,,普通高等学校本科专业目录（2026年） | 专业详解.xlsx | 专业大类详解 | 专业就业去向.xlsx
082102,武器发射工程,工学,0821,兵器类,major,False,True,True,,兵,,普通高等学校本科专业目录（2026年） | 专业大类详解 | 专业就业去向.xlsx
082103,探测制导与控制技术,工学,0821,兵器类,major,True,True,True,,兵,,普通高等学校本科专业目录（2026年） | 专业详解.xlsx | 专业大类详解 | 专业就业去向.xlsx
082104,弹药工程与爆炸技术,工学,0821,兵器类,major,True,True,True,,兵,,普通高等学校本科专业目录（2026年） | 专业详解.xlsx | 专业大类详解 | 专业就业去向.xlsx
082105,特种能源技术与工程,工学,0821,兵器类,major,True,True,True,,兵,,普通高等学校本科专业目录（2026年） | 专业详解.xlsx | 专业大类详解 | 专业就业去向.xlsx
082106,装甲车辆工程,工学,0821,兵器类,major,True,True,True,,兵,,普通高等学校本科专业目录（2026年） | 专业详解.xlsx | 专业大类详解 | 专业就业去向.xlsx
082107,信息对抗技术,工学,0821,兵器类,major,True,True,True,,兵,,普通高等学校本科专业目录（2026年） | 专业详解.xlsx | 专业大类详解 | 专业就业去向.xlsx
082108T,智能无人系统技术,工学,0821,兵器类,major,True,True,True,,兵,,普通高等学校本科专业目录（2026年） | 专业详解.xlsx | 专业大类详解 | 专业就业去向.xlsx
082201,核工程与核技术,工学,0822,核工程类,major,True,True,True,,,,普通高等学校本科专业目录（2026年） | 专业详解.xlsx | 专业大类详解
082202,辐射防护与核安全,工学,0822,核工程类,major,True,True,True,,,,普通高等学校本科专业目录（2026年） | 专业详解.xlsx | 专业大类详解
082203,工程物理,工学,0822,核工程类,major,False,True,True,,,,普通高等学校本科专业目录（2026年） | 专业大类详解
082204,核化工与核燃料工程,工学,0822,核工程类,major,True,True,True,,,,普通高等学校本科专业目录（2026年） | 专业详解.xlsx | 专业大类详解
082301,农业工程,工学,0823,农业工程类,major,False,True,True,,,,普通高等学校本科专业目录（2026年） | 专业大类详解
082302,农业机械化及其自动化,工学,0823,农业工程类,major,True,True,True,,,,普通高等学校本科专业目录（2026年） | 专业详解.xlsx | 专业大类详解
082303,农业电气化,工学,0823,农业工程类,major,True,True,True,,,,普通高等学校本科专业目录（2026年） | 专业详解.xlsx | 专业大类详解
082304,农业建筑环境与能源工程,工学,0823,农业工程类,major,False,True,True,,,,普通高等学校本科专业目录（2026年） | 专业大类详解
082305,农业水利工程,工学,0823,农业工程类,major,True,True,True,,,,普通高等学校本科专业目录（2026年） | 专业详解.xlsx | 专业大类详解
082306T,土地整治工程,工学,0823,农业工程类,major,True,True,True,,,,普通高等学校本科专业目录（2026年） | 专业详解.xlsx | 专业大类详解
082307T,农业智能装备工程,工学,0823,农业工程类,major,True,True,True,,,,普通高等学校本科专业目录（2026年） | 专业详解.xlsx | 专业大类详解
082308T,农业机器人,工学,0823,农业工程类,major,False,True,True,,,,普通高等学校本科专业目录（2026年） | 专业大类详解
082401,森林工程,工学,0824,林业工程类,major,True,True,True,,,,普通高等学校本科专业目录（2026年） | 专业详解.xlsx | 专业大类详解
082402,木材科学与工程,工学,0824,林业工程类,major,True,True,True,,,,普通高等学校本科专业目录（2026年） | 专业详解.xlsx | 专业大类详解
082403,林产化工,工学,0824,林业工程类,major,True,True,True,,,,普通高等学校本科专业目录（2026年） | 专业详解.xlsx | 专业大类详解
082404T,家具设计与工程,工学,0824,林业工程类,major,True,True,True,,,,普通高等学校本科专业目录（2026年） | 专业详解.xlsx | 专业大类详解
082405T,木结构建筑与材料,工学,0824,林业工程类,major,True,True,True,,,,普通高等学校本科专业目录（2026年） | 专业详解.xlsx | 专业大类详解
082501,环境科学与工程,工学,0825,环境科学与工程类,major,True,True,True,,环,,普通高等学校本科专业目录（2026年） | 专业详解.xlsx | 专业大类详解 | 专业就业去向.xlsx
082502,环境工程,工学,0825,环境科学与工程类,major,True,True,True,,环,,普通高等学校本科专业目录（2026年） | 专业详解.xlsx | 专业大类详解 | 专业就业去向.xlsx
082503,环境科学,工学,0825,环境科学与工程类,major,True,True,True,,环,,普通高等学校本科专业目录（2026年） | 专业详解.xlsx | 专业大类详解 | 专业就业去向.xlsx
082504,环境生态工程,工学,0825,环境科学与工程类,major,True,True,True,,环,,普通高等学校本科专业目录（2026年） | 专业详解.xlsx | 专业大类详解 | 专业就业去向.xlsx
082505T,环保设备工程,工学,0825,环境科学与工程类,major,True,True,True,,环,,普通高等学校本科专业目录（2026年） | 专业详解.xlsx | 专业大类详解 | 专业就业去向.xlsx
082506T,资源环境科学,工学,0825,环境科学与工程类,major,True,True,True,,环,,普通高等学校本科专业目录（2026年） | 专业详解.xlsx | 专业大类详解 | 专业就业去向.xlsx
082507T,水质科学与技术,工学,0825,环境科学与工程类,major,True,True,True,,环,,普通高等学校本科专业目录（2026年） | 专业详解.xlsx | 专业大类详解 | 专业就业去向.xlsx
082601,生物医学工程,工学,0826,生物医学工程类,major,True,True,True,,医工,生医工,普通高等学校本科专业目录（2026年） | 专业详解.xlsx | 专业大类详解 | 专业就业去向.xlsx | 专业院校宝典.xlsx
082602T,假肢矫形工程,工学,0826,生物医学工程类,major,True,True,True,,医工,生医工,普通高等学校本科专业目录（2026年） | 专业详解.xlsx | 专业大类详解 | 专业就业去向.xlsx | 专业院校宝典.xlsx
082603T,临床工程技术,工学,0826,生物医学工程类,major,True,True,True,,医工,生医工,普通高等学校本科专业目录（2026年） | 专业详解.xlsx | 专业大类详解 | 专业就业去向.xlsx | 专业院校宝典.xlsx
082604T,康复工程,工学,0826,生物医学工程类,major,True,True,True,,医工,生医工,普通高等学校本科专业目录（2026年） | 专业详解.xlsx | 专业大类详解 | 专业就业去向.xlsx | 专业院校宝典.xlsx
082605T,健康科学与技术,工学,0826,生物医学工程类,major,False,True,True,,医工,生医工,普通高等学校本科专业目录（2026年） | 专业大类详解 | 专业就业去向.xlsx | 专业院校宝典.xlsx
082701,食品科学与工程,工学,0827,食品科学与工程类,major,True,True,True,,食,,普通高等学校本科专业目录（2026年） | 专业详解.xlsx | 专业大类详解 | 专业就业去向.xlsx
082702,食品质量与安全,工学,0827,食品科学与工程类,major,True,True,True,,食,,普通高等学校本科专业目录（2026年） | 专业详解.xlsx | 专业大类详解 | 专业就业去向.xlsx
082703,粮食工程,工学,0827,食品科学与工程类,major,True,True,True,,食,,普通高等学校本科专业目录（2026年） | 专业详解.xlsx | 专业大类详解 | 专业就业去向.xlsx
082704,乳品工程,工学,0827,食品科学与工程类,major,False,True,True,,食,,普通高等学校本科专业目录（2026年） | 专业大类详解 | 专业就业去向.xlsx
082705,酿酒工程,工学,0827,食品科学与工程类,major,True,True,True,,食,,普通高等学校本科专业目录（2026年） | 专业详解.xlsx | 专业大类详解 | 专业就业去向.xlsx
082706T,葡萄与葡萄酒工程,工学,0827,食品科学与工程类,major,True,True,True,,食,,普通高等学校本科专业目录（2026年） | 专业详解.xlsx | 专业大类详解 | 专业就业去向.xlsx
082707T,食品营养与检验教育,工学,0827,食品科学与工程类,major,True,True,True,,食,,普通高等学校本科专业目录（2026年） | 专业详解.xlsx | 专业大类详解 | 专业就业去向.xlsx
082708T,烹饪与营养教育,工学,0827,食品科学与工程类,major,True,True,True,,食,,普通高等学校本科专业目录（2026年） | 专业详解.xlsx | 专业大类详解 | 专业就业去向.xlsx
082709T,食品安全与检测,工学,0827,食品科学与工程类,major,True,True,True,,食,,普通高等学校本科专业目录（2026年） | 专业详解.xlsx | 专业大类详解 | 专业就业去向.xlsx
082710T,食品营养与健康,工学,0827,食品科学与工程类,major,True,True,True,,食,,普通高等学校本科专业目录（2026年） | 专业详解.xlsx | 专业大类详解 | 专业就业去向.xlsx
082711T,食用菌科学与工程,工学,0827,食品科学与工程类,major,True,True,True,,食,,普通高等学校本科专业目录（2026年） | 专业详解.xlsx | 专业大类详解 | 专业就业去向.xlsx
082712T,白酒酿造工程,工学,0827,食品科学与工程类,major,False,True,True,,食,,普通高等学校本科专业目录（2026年） | 专业大类详解 | 专业就业去向.xlsx
082713T,咖啡科学与工程,工学,0827,食品科学与工程类,major,True,True,True,,食,,普通高等学校本科专业目录（2026年） | 专业详解.xlsx | 专业大类详解 | 专业就业去向.xlsx
082801,建筑学,工学,0828,建筑类,major,True,True,True,,,,普通高等学校本科专业目录（2026年） | 专业详解.xlsx | 专业大类详解
082802,城乡规划,工学,0828,建筑类,major,True,True,True,,,,普通高等学校本科专业目录（2026年） | 专业详解.xlsx | 专业大类详解
082803,风景园林,工学,0828,建筑类,major,True,True,True,,,,普通高等学校本科专业目录（2026年） | 专业详解.xlsx | 专业大类详解
082804T,历史建筑保护工程,工学,0828,建筑类,major,True,True,True,,,,普通高等学校本科专业目录（2026年） | 专业详解.xlsx | 专业大类详解
082805T,人居环境科学与技术,工学,0828,建筑类,major,False,True,True,,,,普通高等学校本科专业目录（2026年） | 专业大类详解
082806T,城市设计,工学,0828,建筑类,major,True,True,True,,,,普通高等学校本科专业目录（2026年） | 专业详解.xlsx | 专业大类详解
082807T,智慧建筑与建造,工学,0828,建筑类,major,True,True,True,,,,普通高等学校本科专业目录（2026年） | 专业详解.xlsx | 专业大类详解
082808T,智慧景观营造,工学,0828,建筑类,major,False,True,True,,,,普通高等学校本科专业目录（2026年） | 专业大类详解
082901,安全工程,工学,0829,安全科学与工程类,major,True,True,True,,安,,普通高等学校本科专业目录（2026年） | 专业详解.xlsx | 专业大类详解 | 专业就业去向.xlsx
082902T,应急技术与管理,工学,0829,安全科学与工程类,major,True,True,True,,安,,普通高等学校本科专业目录（2026年） | 专业详解.xlsx | 专业大类详解 | 专业就业去向.xlsx
082903T,职业卫生工程,工学,0829,安全科学与工程类,major,True,True,True,,安,,普通高等学校本科专业目录（2026年） | 专业详解.xlsx | 专业大类详解 | 专业就业去向.xlsx
082904T,安全生产监管,工学,0829,安全科学与工程类,major,True,True,True,,安,,普通高等学校本科专业目录（2026年） | 专业详解.xlsx | 专业大类详解 | 专业就业去向.xlsx
082905TK,智慧应急,工学,0829,安全科学与工程类,major,True,True,True,,安,,普通高等学校本科专业目录（2026年） | 专业详解.xlsx | 专业大类详解 | 专业就业去向.xlsx
083001,生物工程,工学,0830,生物工程类,major,True,True,True,,,,普通高等学校本科专业目录（2026年） | 专业详解.xlsx | 专业大类详解
083002T,生物制药,工学,0830,生物工程类,major,True,True,True,,,,普通高等学校本科专业目录（2026年） | 专业详解.xlsx | 专业大类详解
083003T,合成生物学,工学,0830,生物工程类,major,True,True,True,,,,普通高等学校本科专业目录（2026年） | 专业详解.xlsx | 专业大类详解
083004T,生物制造,工学,0830,生物工程类,major,False,True,True,,,,普通高等学校本科专业目录（2026年） | 专业大类详解
083101K,刑事科学技术,工学,0831,公安技术类,major,False,True,True,,,,普通高等学校本科专业目录（2026年） | 专业大类详解
083102K,消防工程,工学,0831,公安技术类,major,True,True,True,,,,普通高等学校本科专业目录（2026年） | 专业详解.xlsx | 专业大类详解
083103TK,交通管理工程,工学,0831,公安技术类,major,False,True,True,,,,普通高等学校本科专业目录（2026年） | 专业大类详解
083104TK,安全防范工程,工学,0831,公安技术类,major,False,True,True,,,,普通高等学校本科专业目录（2026年） | 专业大类详解
083105TK,公安视听技术,工学,0831,公安技术类,major,False,True,True,,,,普通高等学校本科专业目录（2026年） | 专业大类详解
083106TK,抢险救援指挥与技术,工学,0831,公安技术类,major,True,True,True,,,,普通高等学校本科专业目录（2026年） | 专业详解.xlsx | 专业大类详解
083107TK,火灾勘查,工学,0831,公安技术类,major,True,True,True,,,,普通高等学校本科专业目录（2026年） | 专业详解.xlsx | 专业大类详解
083108TK,网络安全与执法,工学,0831,公安技术类,major,False,True,True,,,,普通高等学校本科专业目录（2026年） | 专业大类详解
083109TK,核生化消防,工学,0831,公安技术类,major,True,True,True,,,,普通高等学校本科专业目录（2026年） | 专业详解.xlsx | 专业大类详解
083110TK,海警舰艇指挥与技术,工学,0831,公安技术类,major,False,True,True,,,,普通高等学校本科专业目录（2026年） | 专业大类详解
083111TK,数据警务技术,工学,0831,公安技术类,major,False,True,True,,,,普通高等学校本科专业目录（2026年） | 专业大类详解
083112TK,食品药品环境犯罪侦查技术,工学,0831,公安技术类,major,False,True,True,,,,普通高等学校本科专业目录（2026年） | 专业大类详解
083113TK,低空安全管理,工学,0831,公安技术类,major,False,True,True,,,,普通高等学校本科专业目录（2026年） | 专业大类详解
090101,农学,农学,0901,植物生产类,major,True,True,True,,,,普通高等学校本科专业目录（2026年） | 专业详解.xlsx | 专业大类详解
090102,园艺,农学,0901,植物生产类,major,True,True,True,,,,普通高等学校本科专业目录（2026年） | 专业详解.xlsx | 专业大类详解
090103,植物保护,农学,0901,植物生产类,major,True,True,True,,,,普通高等学校本科专业目录（2026年） | 专业详解.xlsx | 专业大类详解
090104,植物科学与技术,农学,0901,植物生产类,major,True,True,True,,,,普通高等学校本科专业目录（2026年） | 专业详解.xlsx | 专业大类详解
090105,种子科学与工程,农学,0901,植物生产类,major,True,True,True,,,,普通高等学校本科专业目录（2026年） | 专业详解.xlsx | 专业大类详解
090106,设施农业科学与工程,农学,0901,植物生产类,major,True,True,True,,,,普通高等学校本科专业目录（2026年） | 专业详解.xlsx | 专业大类详解
090107T,茶学,农学,0901,植物生产类,major,True,True,True,,,,普通高等学校本科专业目录（2026年） | 专业详解.xlsx | 专业大类详解
090108T,烟草,农学,0901,植物生产类,major,True,True,True,,,,普通高等学校本科专业目录（2026年） | 专业详解.xlsx | 专业大类详解
090109T,应用生物科学,农学,0901,植物生产类,major,True,True,True,,,,普通高等学校本科专业目录（2026年） | 专业详解.xlsx | 专业大类详解
090110T,农艺教育,农学,0901,植物生产类,major,False,True,True,,,,普通高等学校本科专业目录（2026年） | 专业大类详解
090111T,园艺教育,农学,0901,植物生产类,major,False,True,True,,,,普通高等学校本科专业目录（2026年） | 专业大类详解
090112T,智慧农业,农学,0901,植物生产类,major,True,True,True,,,,普通高等学校本科专业目录（2026年） | 专业详解.xlsx | 专业大类详解
090113T,菌物科学与工程,农学,0901,植物生产类,major,True,True,True,,,,普通高等学校本科专业目录（2026年） | 专业详解.xlsx | 专业大类详解
090114T,农药化肥,农学,0901,植物生产类,major,True,True,True,,,,普通高等学校本科专业目录（2026年） | 专业详解.xlsx | 专业大类详解
090115T,生物农药科学与工程,农学,0901,植物生产类,major,True,True,True,,,,普通高等学校本科专业目录（2026年） | 专业详解.xlsx | 专业大类详解
090116TK,生物育种科学,农学,0901,植物生产类,major,True,True,True,,,,普通高等学校本科专业目录（2026年） | 专业详解.xlsx | 专业大类详解
090117TK,生物育种技术,农学,0901,植物生产类,major,True,True,True,,,,普通高等学校本科专业目录（2026年） | 专业详解.xlsx | 专业大类详解
090201,农业资源与环境,农学,0902,自然保护与环境生态类,major,True,True,True,,,,普通高等学校本科专业目录（2026年） | 专业详解.xlsx | 专业大类详解
090202,野生动物与自然保护区管理,农学,0902,自然保护与环境生态类,major,True,True,True,,,,普通高等学校本科专业目录（2026年） | 专业详解.xlsx | 专业大类详解
090203,水土保持与荒漠化防治,农学,0902,自然保护与环境生态类,major,True,True,True,,,,普通高等学校本科专业目录（2026年） | 专业详解.xlsx | 专业大类详解
090204T,生物质科学与工程,农学,0902,自然保护与环境生态类,major,True,True,True,,,,普通高等学校本科专业目录（2026年） | 专业详解.xlsx | 专业大类详解
090205T,土地科学与技术,农学,0902,自然保护与环境生态类,major,True,True,True,,,,普通高等学校本科专业目录（2026年） | 专业详解.xlsx | 专业大类详解
090206T,湿地保护与恢复,农学,0902,自然保护与环境生态类,major,True,True,True,,,,普通高等学校本科专业目录（2026年） | 专业详解.xlsx | 专业大类详解
090207TK,国家公园建设与管理,农学,0902,自然保护与环境生态类,major,False,True,True,,,,普通高等学校本科专业目录（2026年） | 专业大类详解
090208TK,生态修复学,农学,0902,自然保护与环境生态类,major,True,True,True,,,,普通高等学校本科专业目录（2026年） | 专业详解.xlsx | 专业大类详解
090209T,盐碱地科学与工程,农学,0902,自然保护与环境生态类,major,False,True,True,,,,普通高等学校本科专业目录（2026年） | 专业大类详解
090301,动物科学,农学,0903,动物生产类,major,True,True,True,,,,普通高等学校本科专业目录（2026年） | 专业详解.xlsx | 专业大类详解
090302T,蚕学,农学,0903,动物生产类,major,True,True,True,,,,普通高等学校本科专业目录（2026年） | 专业详解.xlsx | 专业大类详解
090303T,蜂学,农学,0903,动物生产类,major,False,True,True,,,,普通高等学校本科专业目录（2026年） | 专业大类详解
090304T,经济动物学,农学,0903,动物生产类,major,False,True,True,,,,普通高等学校本科专业目录（2026年） | 专业大类详解
090305T,马业科学,农学,0903,动物生产类,major,False,True,True,,,,普通高等学校本科专业目录（2026年） | 专业大类详解
090306T,饲料工程,农学,0903,动物生产类,major,True,True,True,,,,普通高等学校本科专业目录（2026年） | 专业详解.xlsx | 专业大类详解
090307T,智慧牧业科学与工程,农学,0903,动物生产类,major,True,True,True,,,,普通高等学校本科专业目录（2026年） | 专业详解.xlsx | 专业大类详解
090401,动物医学,农学,0904,动物医学类,major,True,True,True,,兽,,普通高等学校本科专业目录（2026年） | 专业详解.xlsx | 专业大类详解 | 专业就业去向.xlsx
090402,动物药学,农学,0904,动物医学类,major,True,True,True,,兽,,普通高等学校本科专业目录（2026年） | 专业详解.xlsx | 专业大类详解 | 专业就业去向.xlsx
090403T,动植物检疫,农学,0904,动物医学类,major,True,True,True,,兽,,普通高等学校本科专业目录（2026年） | 专业详解.xlsx | 专业大类详解 | 专业就业去向.xlsx
090404T,实验动物学,农学,0904,动物医学类,major,True,True,True,,兽,,普通高等学校本科专业目录（2026年） | 专业详解.xlsx | 专业大类详解 | 专业就业去向.xlsx
090405T,中兽医学,农学,0904,动物医学类,major,False,True,True,,兽,,普通高等学校本科专业目录（2026年） | 专业大类详解 | 专业就业去向.xlsx
090406TK,兽医公共卫生,农学,0904,动物医学类,major,True,True,True,,兽,,普通高等学校本科专业目录（2026年） | 专业详解.xlsx | 专业大类详解 | 专业就业去向.xlsx
090501,林学,农学,0905,林学类,major,True,True,True,,,,普通高等学校本科专业目录（2026年） | 专业详解.xlsx | 专业大类详解
090502,园林,农学,0905,林学类,major,True,True,True,,,,普通高等学校本科专业目录（2026年） | 专业详解.xlsx | 专业大类详解
090503,森林保护,农学,0905,林学类,major,True,True,True,,,,普通高等学校本科专业目录（2026年） | 专业详解.xlsx | 专业大类详解
090504T,经济林,农学,0905,林学类,major,False,True,True,,,,普通高等学校本科专业目录（2026年） | 专业大类详解
090505T,智慧林业,农学,0905,林学类,major,True,True,True,,,,普通高等学校本科专业目录（2026年） | 专业详解.xlsx | 专业大类详解
090601,水产养殖学,农学,0906,水产类,major,True,True,True,,,,普通高等学校本科专业目录（2026年） | 专业详解.xlsx | 专业大类详解
090602,海洋渔业科学与技术,农学,0906,水产类,major,True,True,True,,,,普通高等学校本科专业目录（2026年） | 专业详解.xlsx | 专业大类详解
090603T,水族科学与技术,农学,0906,水产类,major,True,True,True,,,,普通高等学校本科专业目录（2026年） | 专业详解.xlsx | 专业大类详解
090604TK,水生动物医学,农学,0906,水产类,major,True,True,True,,,,普通高等学校本科专业目录（2026年） | 专业详解.xlsx | 专业大类详解
090605T,智慧渔业,农学,0906,水产类,major,False,True,True,,,,普通高等学校本科专业目录（2026年） | 专业大类详解
090701,草业科学,农学,0907,草学类,major,True,True,True,,,,普通高等学校本科专业目录（2026年） | 专业详解.xlsx | 专业大类详解
090702T,草坪科学与工程,农学,0907,草学类,major,True,True,True,,,,普通高等学校本科专业目录（2026年） | 专业详解.xlsx | 专业大类详解
100101K,基础医学,医学,1001,基础医学类,major,True,True,True,,,,普通高等学校本科专业目录（2026年） | 专业详解.xlsx | 专业大类详解
100102TK,生物医学,医学,1001,基础医学类,major,True,True,True,,,,普通高等学校本科专业目录（2026年） | 专业详解.xlsx | 专业大类详解
100103T,生物医学科学,医学,1001,基础医学类,major,True,True,True,,,,普通高等学校本科专业目录（2026年） | 专业详解.xlsx | 专业大类详解
100201K,临床医学,医学,1002,临床医学类,major,True,True,True,临床医学类,临床,,普通高等学校本科专业目录（2026年） | 专业详解.xlsx | 专业大类详解 | 大学专业课程.xlsx | 专业就业去向.xlsx
100202TK,麻醉学,医学,1002,临床医学类,major,True,True,True,临床医学类,临床,,普通高等学校本科专业目录（2026年） | 专业详解.xlsx | 专业大类详解 | 大学专业课程.xlsx | 专业就业去向.xlsx
100203TK,医学影像学,医学,1002,临床医学类,major,True,True,True,临床医学类,临床,,普通高等学校本科专业目录（2026年） | 专业详解.xlsx | 专业大类详解 | 大学专业课程.xlsx | 专业就业去向.xlsx
100204TK,眼视光医学,医学,1002,临床医学类,major,True,True,True,临床医学类,临床,,普通高等学校本科专业目录（2026年） | 专业详解.xlsx | 专业大类详解 | 大学专业课程.xlsx | 专业就业去向.xlsx
100205TK,精神医学,医学,1002,临床医学类,major,True,True,True,临床医学类,临床,,普通高等学校本科专业目录（2026年） | 专业详解.xlsx | 专业大类详解 | 大学专业课程.xlsx | 专业就业去向.xlsx
100206TK,放射医学,医学,1002,临床医学类,major,True,True,True,临床医学类,临床,,普通高等学校本科专业目录（2026年） | 专业详解.xlsx | 专业大类详解 | 大学专业课程.xlsx | 专业就业去向.xlsx
100207TK,儿科学,医学,1002,临床医学类,major,True,True,True,临床医学类,临床,,普通高等学校本科专业目录（2026年） | 专业详解.xlsx | 专业大类详解 | 大学专业课程.xlsx | 专业就业去向.xlsx
100301K,口腔医学,医学,1003,口腔医学类,major,True,True,True,,,,普通高等学校本科专业目录（2026年） | 专业详解.xlsx | 专业大类详解
100401K,预防医学,医学,1004,公共卫生与预防医学类,major,True,True,True,,,,普通高等学校本科专业目录（2026年） | 专业详解.xlsx | 专业大类详解
100402,食品卫生与营养学,医学,1004,公共卫生与预防医学类,major,True,True,True,,,,普通高等学校本科专业目录（2026年） | 专业详解.xlsx | 专业大类详解
100403TK,妇幼保健医学,医学,1004,公共卫生与预防医学类,major,True,True,True,,,,普通高等学校本科专业目录（2026年） | 专业详解.xlsx | 专业大类详解
100404TK,卫生监督,医学,1004,公共卫生与预防医学类,major,False,True,True,,,,普通高等学校本科专业目录（2026年） | 专业大类详解
100405TK,全球健康学,医学,1004,公共卫生与预防医学类,major,False,True,True,,,,普通高等学校本科专业目录（2026年） | 专业大类详解
100406T,运动与公共健康,医学,1004,公共卫生与预防医学类,major,False,True,True,,,,普通高等学校本科专业目录（2026年） | 专业大类详解
100501K,中医学,医学,1005,中医学类,major,True,False,False,,中,,普通高等学校本科专业目录（2026年） | 专业详解.xlsx | 专业就业去向.xlsx
100502K,针灸推拿学,医学,1005,中医学类,major,True,False,False,,中,,普通高等学校本科专业目录（2026年） | 专业详解.xlsx | 专业就业去向.xlsx
100503K,藏医学,医学,1005,中医学类,catalog,False,False,False,,中,,普通高等学校本科专业目录（2026年） | 专业就业去向.xlsx
100504K,蒙医学,医学,1005,中医学类,catalog,False,False,False,,中,,普通高等学校本科专业目录（2026年） | 专业就业去向.xlsx
100505K,维医学,医学,1005,中医学类,catalog,False,False,False,,中,,普通高等学校本科专业目录（2026年） | 专业就业去向.xlsx
100506K,壮医学,医学,1005,中医学类,catalog,False,False,False,,中,,普通高等学校本科专业目录（2026年） | 专业就业去向.xlsx
100507K,哈医学,医学,1005,中医学类,catalog,False,False,False,,中,,普通高等学校本科专业目录（2026年） | 专业就业去向.xlsx
100508TK,傣医学,医学,1005,中医学类,catalog,False,False,False,,中,,普通高等学校本科专业目录（2026年） | 专业就业去向.xlsx
100509TK,回医学,医学,1005,中医学类,catalog,False,False,False,,中,,普通高等学校本科专业目录（2026年） | 专业就业去向.xlsx
100510TK,中医康复学,医学,1005,中医学类,major,True,False,False,,中,,普通高等学校本科专业目录（2026年） | 专业详解.xlsx | 专业就业去向.xlsx
100511TK,中医养生学,医学,1005,中医学类,major,True,False,False,,中,,普通高等学校本科专业目录（2026年） | 专业详解.xlsx | 专业就业去向.xlsx
100512TK,中医儿科学,医学,1005,中医学类,major,True,False,False,,中,,普通高等学校本科专业目录（2026年） | 专业详解.xlsx | 专业就业去向.xlsx
100513TK,中医骨伤科学,医学,1005,中医学类,major,True,False,False,,中,,普通高等学校本科专业目录（2026年） | 专业详解.xlsx | 专业就业去向.xlsx
100601K,中西医临床医学,医学,1006,中西医结合类,major,True,True,True,,,,普通高等学校本科专业目录（2026年） | 专业详解.xlsx | 专业大类详解
100701,药学,医学,1007,药学类,major,True,True,True,,药,,普通高等学校本科专业目录（2026年） | 专业详解.xlsx | 专业大类详解 | 专业就业去向.xlsx
100702,药物制剂,医学,1007,药学类,major,True,True,True,,药,,普通高等学校本科专业目录（2026年） | 专业详解.xlsx | 专业大类详解 | 专业就业去向.xlsx
100703TK,临床药学,医学,1007,药学类,major,True,True,True,,药,,普通高等学校本科专业目录（2026年） | 专业详解.xlsx | 专业大类详解 | 专业就业去向.xlsx
100704T,药事管理,医学,1007,药学类,major,True,True,True,,药,,普通高等学校本科专业目录（2026年） | 专业详解.xlsx | 专业大类详解 | 专业就业去向.xlsx
100705T,药物分析,医学,1007,药学类,major,True,True,True,,药,,普通高等学校本科专业目录（2026年） | 专业详解.xlsx | 专业大类详解 | 专业就业去向.xlsx
100706T,药物化学,医学,1007,药学类,major,False,True,True,,药,,普通高等学校本科专业目录（2026年） | 专业大类详解 | 专业就业去向.xlsx
100707T,海洋药学,医学,1007,药学类,major,True,True,True,,药,,普通高等学校本科专业目录（2026年） | 专业详解.xlsx | 专业大类详解 | 专业就业去向.xlsx
100708T,化妆品科学与技术,医学,1007,药学类,major,True,True,True,,药,,普通高等学校本科专业目录（2026年） | 专业详解.xlsx | 专业大类详解 | 专业就业去向.xlsx
100709TK,药物经济与管理,医学,1007,药学类,major,True,True,True,,药,,普通高等学校本科专业目录（2026年） | 专业详解.xlsx | 专业大类详解 | 专业就业去向.xlsx
100801,中药学,医学,1008,中药学类,major,True,True,True,,,,普通高等学校本科专业目录（2026年） | 专业详解.xlsx | 专业大类详解
100802,中药资源与开发,医学,1008,中药学类,major,True,True,True,,,,普通高等学校本科专业目录（2026年） | 专业详解.xlsx | 专业大类详解
100803T,藏药学,医学,1008,中药学类,major,False,True,True,,,,普通高等学校本科专业目录（2026年） | 专业大类详解
100804T,蒙药学,医学,1008,中药学类,major,False,True,True,,,,普通高等学校本科专业目录（2026年） | 专业大类详解
100805T,中药制药,医学,1008,中药学类,major,True,True,True,,,,普通高等学校本科专业目录（2026年） | 专业详解.xlsx | 专业大类详解
100806T,中草药栽培与鉴定,医学,1008,中药学类,major,True,True,True,,,,普通高等学校本科专业目录（2026年） | 专业详解.xlsx | 专业大类详解
100901K,法医学,医学,1009,法医学类,major,True,True,True,,,,普通高等学校本科专业目录（2026年） | 专业详解.xlsx | 专业大类详解
101001,医学检验技术,医学,1010,医学技术类,major,True,True,True,,医技,,普通高等学校本科专业目录（2026年） | 专业详解.xlsx | 专业大类详解 | 专业就业去向.xlsx
101002,医学实验技术,医学,1010,医学技术类,major,True,True,True,,医技,,普通高等学校本科专业目录（2026年） | 专业详解.xlsx | 专业大类详解 | 专业就业去向.xlsx
101003,医学影像技术,医学,1010,医学技术类,major,True,True,True,,医技,,普通高等学校本科专业目录（2026年） | 专业详解.xlsx | 专业大类详解 | 专业就业去向.xlsx
101004,眼视光学,医学,1010,医学技术类,major,True,True,True,,医技,,普通高等学校本科专业目录（2026年） | 专业详解.xlsx | 专业大类详解 | 专业就业去向.xlsx
101005,康复治疗学,医学,1010,医学技术类,major,True,True,True,,医技,,普通高等学校本科专业目录（2026年） | 专业详解.xlsx | 专业大类详解 | 专业就业去向.xlsx
101006,口腔医学技术,医学,1010,医学技术类,major,True,True,True,,医技,,普通高等学校本科专业目录（2026年） | 专业详解.xlsx | 专业大类详解 | 专业就业去向.xlsx
101007,卫生检验与检疫,医学,1010,医学技术类,major,True,True,True,,医技,,普通高等学校本科专业目录（2026年） | 专业详解.xlsx | 专业大类详解 | 专业就业去向.xlsx
101008T,听力与言语康复学,医学,1010,医学技术类,major,True,True,True,,医技,,普通高等学校本科专业目录（2026年） | 专业详解.xlsx | 专业大类详解 | 专业就业去向.xlsx
101009T,康复物理治疗,医学,1010,医学技术类,major,True,True,True,,医技,,普通高等学校本科专业目录（2026年） | 专业详解.xlsx | 专业大类详解 | 专业就业去向.xlsx
101010T,康复作业治疗,医学,1010,医学技术类,major,True,True,True,,医技,,普通高等学校本科专业目录（2026年） | 专业详解.xlsx | 专业大类详解 | 专业就业去向.xlsx
101016TK,健康与医疗保障,医学,1010,医学技术类,major,False,True,True,,医技,,普通高等学校本科专业目录（2026年） | 专业大类详解 | 专业就业去向.xlsx
101017TK,老年医学与健康,医学,1010,医学技术类,major,False,True,True,,医技,,普通高等学校本科专业目录（2026年） | 专业大类详解 | 专业就业去向.xlsx
101018TK,核医学工程,医学,1010,医学技术类,major,False,True,True,,医技,,普通高等学校本科专业目录（2026年） | 专业大类详解 | 专业就业去向.xlsx
101101K,护理学,医学,1011,护理学类,major,True,True,True,,,,普通高等学校本科专业目录（2026年） | 专业详解.xlsx | 专业大类详解
101102TK,助产学,医学,1011,护理学类,major,True,True,True,,,,普通高等学校本科专业目录（2026年） | 专业详解.xlsx | 专业大类详解
120101,管理科学,管理学,1201,管理科学与工程类,major,True,False,False,,,,普通高等学校本科专业目录（2026年） | 专业详解.xlsx
120102,信息管理与信息系统,管理学,1201,管理科学与工程类,major,True,False,False,,,,普通高等学校本科专业目录（2026年） | 专业详解.xlsx
120103,工程管理,管理学,1201,管理科学与工程类,major,True,False,False,,,,普通高等学校本科专业目录（2026年） | 专业详解.xlsx
120104,房地产开发与管理,管理学,1201,管理科学与工程类,major,True,False,False,,,,普通高等学校本科专业目录（2026年） | 专业详解.xlsx
120105,工程造价,管理学,1201,管理科学与工程类,major,True,False,False,,,,普通高等学校本科专业目录（2026年） | 专业详解.xlsx
120106TK,保密管理,管理学,1201,管理科学与工程类,catalog,False,False,False,,,,普通高等学校本科专业目录（2026年）
120107T,邮政管理,管理学,1201,管理科学与工程类,catalog,False,False,False,,,,普通高等学校本科专业目录（2026年）
120108T,大数据管理与应用,管理学,1201,管理科学与工程类,major,True,False,False,,,,普通高等学校本科专业目录（2026年） | 专业详解.xlsx
120109T,工程审计,管理学,1201,管理科学与工程类,major,True,False,False,,,,普通高等学校本科专业目录（2026年） | 专业详解.xlsx
120110T,计算金融,管理学,1201,管理科学与工程类,major,True,False,False,,,,普通高等学校本科专业目录（2026年） | 专业详解.xlsx
120111T,应急管理,管理学,1201,管理科学与工程类,major,True,False,False,,,,普通高等学校本科专业目录（2026年） | 专业详解.xlsx
120201K,工商管理,管理学,1202,工商管理类,major,True,True,True,,管,,普通高等学校本科专业目录（2026年） | 专业详解.xlsx | 专业大类详解 | 专业就业去向.xlsx
120202,市场营销,管理学,1202,工商管理类,major,True,True,True,,管,,普通高等学校本科专业目录（2026年） | 专业详解.xlsx | 专业大类详解 | 专业就业去向.xlsx
120203K,会计学,管理学,1202,工商管理类,major,True,True,True,财会类,财,,普通高等学校本科专业目录（2026年） | 专业详解.xlsx | 专业大类详解 | 大学专业课程.xlsx | 专业就业去向.xlsx
120204,财务管理,管理学,1202,工商管理类,major,True,True,True,财会类,财,,普通高等学校本科专业目录（2026年） | 专业详解.xlsx | 专业大类详解 | 大学专业课程.xlsx | 专业就业去向.xlsx
120205,国际商务,管理学,1202,工商管理类,major,True,True,True,,,,普通高等学校本科专业目录（2026年） | 专业详解.xlsx | 专业大类详解
120206,人力资源管理,管理学,1202,工商管理类,major,True,True,True,,管,,普通高等学校本科专业目录（2026年） | 专业详解.xlsx | 专业大类详解 | 专业就业去向.xlsx
120207,审计学,管理学,1202,工商管理类,major,True,True,True,财会类,财,,普通高等学校本科专业目录（2026年） | 专业详解.xlsx | 专业大类详解 | 大学专业课程.xlsx | 专业就业去向.xlsx
120208,资产评估,管理学,1202,工商管理类,major,True,True,True,,,,普通高等学校本科专业目录（2026年） | 专业详解.xlsx | 专业大类详解
120209,物业管理,管理学,1202,工商管理类,major,True,True,True,,,,普通高等学校本科专业目录（2026年） | 专业详解.xlsx | 专业大类详解
120210,文化产业管理,管理学,1202,工商管理类,major,True,True,True,,,,普通高等学校本科专业目录（2026年） | 专业详解.xlsx | 专业大类详解
120211T,劳动关系,管理学,1202,工商管理类,major,False,True,True,,,,普通高等学校本科专业目录（2026年） | 专业大类详解
120212T,体育经济与管理,管理学,1202,工商管理类,major,True,True,True,,,,普通高等学校本科专业目录（2026年） | 专业详解.xlsx | 专业大类详解
120213T,财务会计教育,管理学,1202,工商管理类,major,True,True,True,财会类,,,普通高等学校本科专业目录（2026年） | 专业详解.xlsx | 专业大类详解 | 大学专业课程.xlsx
120214T,市场营销教育,管理学,1202,工商管理类,major,False,True,True,,,,普通高等学校本科专业目录（2026年） | 专业大类详解
120215T,零售业管理,管理学,1202,工商管理类,major,False,True,True,,,,普通高等学校本科专业目录（2026年） | 专业大类详解
120216T,创业管理,管理学,1202,工商管理类,major,True,True,True,,,,普通高等学校本科专业目录（2026年） | 专业详解.xlsx | 专业大类详解
120217TK,海关稽查,管理学,1202,工商管理类,major,False,True,True,,,,普通高等学校本科专业目录（2026年） | 专业大类详解
120218T,内部审计,管理学,1202,工商管理类,major,True,True,True,,,,普通高等学校本科专业目录（2026年） | 专业详解.xlsx | 专业大类详解
120219TK,商业人工智能,管理学,1202,工商管理类,major,False,True,True,,,,普通高等学校本科专业目录（2026年） | 专业大类详解
120301,农林经济管理,管理学,1203,农业经济管理类,major,True,True,True,,,,普通高等学校本科专业目录（2026年） | 专业详解.xlsx | 专业大类详解
120302,农村区域发展,管理学,1203,农业经济管理类,major,True,True,True,,,,普通高等学校本科专业目录（2026年） | 专业详解.xlsx | 专业大类详解
120303TK,乡村治理,管理学,1203,农业经济管理类,major,False,True,True,,,,普通高等学校本科专业目录（2026年） | 专业大类详解
120401,公共事业管理,管理学,1204,公共管理类,major,True,True,True,,,,普通高等学校本科专业目录（2026年） | 专业详解.xlsx | 专业大类详解
120402,行政管理,管理学,1204,公共管理类,major,True,True,True,,,,普通高等学校本科专业目录（2026年） | 专业详解.xlsx | 专业大类详解
120403,劳动与社会保障,管理学,1204,公共管理类,major,True,True,True,,,,普通高等学校本科专业目录（2026年） | 专业详解.xlsx | 专业大类详解
120404,土地资源管理,管理学,1204,公共管理类,major,True,True,True,,,,普通高等学校本科专业目录（2026年） | 专业详解.xlsx | 专业大类详解
120405,城市管理,管理学,1204,公共管理类,major,True,True,True,,,,普通高等学校本科专业目录（2026年） | 专业详解.xlsx | 专业大类详解
120406TK,海关管理,管理学,1204,公共管理类,major,False,True,True,,,,普通高等学校本科专业目录（2026年） | 专业大类详解
120407T,交通管理,管理学,1204,公共管理类,major,True,True,True,,,,普通高等学校本科专业目录（2026年） | 专业详解.xlsx | 专业大类详解
120408T,海事管理,管理学,1204,公共管理类,major,True,True,True,,,,普通高等学校本科专业目录（2026年） | 专业详解.xlsx | 专业大类详解
120409T,公共关系学,管理学,1204,公共管理类,major,True,True,True,,,,普通高等学校本科专业目录（2026年） | 专业详解.xlsx | 专业大类详解
120410T,健康服务与管理,管理学,1204,公共管理类,major,True,True,True,,,,普通高等学校本科专业目录（2026年） | 专业详解.xlsx | 专业大类详解
120411TK,海警后勤管理,管理学,1204,公共管理类,major,False,True,True,,,,普通高等学校本科专业目录（2026年） | 专业大类详解
120412T,医疗产品管理,管理学,1204,公共管理类,major,True,True,True,,,,普通高等学校本科专业目录（2026年） | 专业详解.xlsx | 专业大类详解
120413T,医疗保险,管理学,1204,公共管理类,major,True,True,True,,,,普通高等学校本科专业目录（2026年） | 专业详解.xlsx | 专业大类详解
120414T,养老服务管理,管理学,1204,公共管理类,major,True,True,True,,,,普通高等学校本科专业目录（2026年） | 专业详解.xlsx | 专业大类详解
120415TK,海关检验检疫安全,管理学,1204,公共管理类,major,False,True,True,,,,普通高等学校本科专业目录（2026年） | 专业大类详解
120416TK,海外安全管理,管理学,1204,公共管理类,major,True,True,True,,,,普通高等学校本科专业目录（2026年） | 专业详解.xlsx | 专业大类详解
120417T,自然资源登记与管理,管理学,1204,公共管理类,major,False,True,True,,,,普通高等学校本科专业目录（2026年） | 专业大类详解
120418T,慈善管理,管理学,1204,公共管理类,major,False,True,True,,,,普通高等学校本科专业目录（2026年） | 专业大类详解
120419TK,航空安防管理,管理学,1204,公共管理类,major,False,True,True,,,,普通高等学校本科专业目录（2026年） | 专业大类详解
120420TK,无障碍管理,管理学,1204,公共管理类,major,True,True,True,,,,普通高等学校本科专业目录（2026年） | 专业详解.xlsx | 专业大类详解
120421TK,人才发展与管理,管理学,1204,公共管理类,major,False,True,True,,,,普通高等学校本科专业目录（2026年） | 专业大类详解
120422TK,数字公共治理,管理学,1204,公共管理类,major,False,True,True,,,,普通高等学校本科专业目录（2026年） | 专业大类详解
120501,图书馆学,管理学,1205,图书情报与档案管理类,major,False,True,True,,,,普通高等学校本科专业目录（2026年） | 专业大类详解
120502,档案学,管理学,1205,图书情报与档案管理类,major,True,True,True,,,,普通高等学校本科专业目录（2026年） | 专业详解.xlsx | 专业大类详解
120503,信息资源管理,管理学,1205,图书情报与档案管理类,major,True,True,True,,,,普通高等学校本科专业目录（2026年） | 专业详解.xlsx | 专业大类详解
120504T,数据资源与数据智能,管理学,1205,图书情报与档案管理类,major,False,True,True,,,,普通高等学校本科专业目录（2026年） | 专业大类详解
120601,物流管理,管理学,1206,物流管理与工程类,major,True,True,True,,,,普通高等学校本科专业目录（2026年） | 专业详解.xlsx | 专业大类详解
120602,物流工程,管理学,1206,物流管理与工程类,major,True,True,True,,,,普通高等学校本科专业目录（2026年） | 专业详解.xlsx | 专业大类详解
120603T,采购管理,管理学,1206,物流管理与工程类,major,False,True,True,,,,普通高等学校本科专业目录（2026年） | 专业大类详解
120604T,供应链管理,管理学,1206,物流管理与工程类,major,True,True,True,,,,普通高等学校本科专业目录（2026年） | 专业详解.xlsx | 专业大类详解
120701,工业工程,管理学,1207,工业工程类,major,True,True,True,,,,普通高等学校本科专业目录（2026年） | 专业详解.xlsx | 专业大类详解
120702T,标准化工程,管理学,1207,工业工程类,major,True,True,True,,,,普通高等学校本科专业目录（2026年） | 专业详解.xlsx | 专业大类详解
120703T,质量管理工程,管理学,1207,工业工程类,major,True,True,True,,,,普通高等学校本科专业目录（2026年） | 专业详解.xlsx | 专业大类详解
120801,电子商务,管理学,1208,电子商务类,major,True,True,True,,,,普通高等学校本科专业目录（2026年） | 专业详解.xlsx | 专业大类详解
120802T,电子商务及法律,管理学,1208,电子商务类,major,True,True,True,,,,普通高等学校本科专业目录（2026年） | 专业详解.xlsx | 专业大类详解
120803T,跨境电子商务,管理学,1208,电子商务类,major,True,True,True,,,,普通高等学校本科专业目录（2026年） | 专业详解.xlsx | 专业大类详解
120901K,旅游管理,管理学,1209,旅游管理类,major,True,True,True,,,,普通高等学校本科专业目录（2026年） | 专业详解.xlsx | 专业大类详解
120902,酒店管理,管理学,1209,旅游管理类,major,True,True,True,,,,普通高等学校本科专业目录（2026年） | 专业详解.xlsx | 专业大类详解
120903,会展经济与管理,管理学,1209,旅游管理类,major,True,True,True,,,,普通高等学校本科专业目录（2026年） | 专业详解.xlsx | 专业大类详解
120904T,旅游管理与服务教育,管理学,1209,旅游管理类,major,True,True,True,,,,普通高等学校本科专业目录（2026年） | 专业详解.xlsx | 专业大类详解
120905TK,国际邮轮管理,管理学,1209,旅游管理类,major,False,True,True,,,,普通高等学校本科专业目录（2026年） | 专业大类详解
120906TK,数字文旅,管理学,1209,旅游管理类,major,False,True,True,,,,普通高等学校本科专业目录（2026年） | 专业大类详解
130101,艺术史论,艺术学,1301,艺术学理论类,major,True,False,False,,,,普通高等学校本科专业目录（2026年） | 专业详解.xlsx
130102T,艺术管理,艺术学,1301,艺术学理论类,major,True,False,False,,,,普通高等学校本科专业目录（2026年） | 专业详解.xlsx
130103T,非物质文化遗产保护,艺术学,1301,艺术学理论类,major,True,False,False,,,,普通高等学校本科专业目录（2026年） | 专业详解.xlsx
130201,音乐表演,艺术学,1302,音乐与舞蹈学类,catalog,False,False,False,,,,普通高等学校本科专业目录（2026年）
130202,音乐学,艺术学,1302,音乐与舞蹈学类,catalog,False,False,False,,,,普通高等学校本科专业目录（2026年）
130203,作曲与作曲技术理论,艺术学,1302,音乐与舞蹈学类,catalog,False,False,False,,,,普通高等学校本科专业目录（2026年）
130204,舞蹈表演,艺术学,1302,音乐与舞蹈学类,catalog,False,False,False,,,,普通高等学校本科专业目录（2026年）
130205,舞蹈学,艺术学,1302,音乐与舞蹈学类,catalog,False,False,False,,,,普通高等学校本科专业目录（2026年）
130206,舞蹈编导,艺术学,1302,音乐与舞蹈学类,catalog,False,False,False,,,,普通高等学校本科专业目录（2026年）
130207T,舞蹈教育,艺术学,1302,音乐与舞蹈学类,catalog,False,False,False,,,,普通高等学校本科专业目录（2026年）
130208TK,航空服务艺术与管理,艺术学,1302,音乐与舞蹈学类,catalog,False,False,False,,,,普通高等学校本科专业目录（2026年）
130209T,流行音乐,艺术学,1302,音乐与舞蹈学类,catalog,False,False,False,,,,普通高等学校本科专业目录（2026年）
130210T,音乐治疗,艺术学,1302,音乐与舞蹈学类,catalog,False,False,False,,,,普通高等学校本科专业目录（2026年）
130211T,流行舞蹈,艺术学,1302,音乐与舞蹈学类,catalog,False,False,False,,,,普通高等学校本科专业目录（2026年）
130212T,音乐教育,艺术学,1302,音乐与舞蹈学类,catalog,False,False,False,,,,普通高等学校本科专业目录（2026年）
130213TK,冰雪舞蹈表演,艺术学,1302,音乐与舞蹈学类,catalog,False,False,False,,,,普通高等学校本科专业目录（2026年）
130214TK,舞蹈治疗,艺术学,1302,音乐与舞蹈学类,catalog,False,False,False,,,,普通高等学校本科专业目录（2026年）
130215T,音乐科技,艺术学,1302,音乐与舞蹈学类,catalog,False,False,False,,,,普通高等学校本科专业目录（2026年）
130216T,乐器智造,艺术学,1302,音乐与舞蹈学类,catalog,False,False,False,,,,普通高等学校本科专业目录（2026年）
130301,表演,艺术学,1303,戏剧与影视学类,catalog,False,False,False,,,,普通高等学校本科专业目录（2026年）
130302,戏剧学,艺术学,1303,戏剧与影视学类,catalog,False,False,False,,,,普通高等学校本科专业目录（2026年）
130303,电影学,艺术学,1303,戏剧与影视学类,major,True,False,False,,,,普通高等学校本科专业目录（2026年） | 专业详解.xlsx
130304,戏剧影视文学,艺术学,1303,戏剧与影视学类,major,True,False,False,,,,普通高等学校本科专业目录（2026年） | 专业详解.xlsx
130305,广播电视编导,艺术学,1303,戏剧与影视学类,major,True,False,False,,,,普通高等学校本科专业目录（2026年） | 专业详解.xlsx
130306,戏剧影视导演,艺术学,1303,戏剧与影视学类,catalog,False,False,False,,,,普通高等学校本科专业目录（2026年）
130307,戏剧影视美术设计,艺术学,1303,戏剧与影视学类,catalog,False,False,False,,,,普通高等学校本科专业目录（2026年）
130308,录音艺术,艺术学,1303,戏剧与影视学类,catalog,False,False,False,,,,普通高等学校本科专业目录（2026年）
130309,播音与主持艺术,艺术学,1303,戏剧与影视学类,catalog,False,False,False,,,,普通高等学校本科专业目录（2026年）
130310,动画,艺术学,1303,戏剧与影视学类,catalog,False,False,False,,,,普通高等学校本科专业目录（2026年）
130311T,影视摄影与制作,艺术学,1303,戏剧与影视学类,major,True,False,False,,,,普通高等学校本科专业目录（2026年） | 专业详解.xlsx
130312T,影视技术,艺术学,1303,戏剧与影视学类,major,True,False,False,,,,普通高等学校本科专业目录（2026年） | 专业详解.xlsx
130313T,戏剧教育,艺术学,1303,戏剧与影视学类,catalog,False,False,False,,,,普通高等学校本科专业目录（2026年）
130314TK,曲艺,艺术学,1303,戏剧与影视学类,catalog,False,False,False,,,,普通高等学校本科专业目录（2026年）
130315TK,音乐剧,艺术学,1303,戏剧与影视学类,catalog,False,False,False,,,,普通高等学校本科专业目录（2026年）
130316T,数字戏剧,艺术学,1303,戏剧与影视学类,catalog,False,False,False,,,,普通高等学校本科专业目录（2026年）
130317T,数字演艺设计,艺术学,1303,戏剧与影视学类,catalog,False,False,False,,,,普通高等学校本科专业目录（2026年）
130318T,智能影像艺术,艺术学,1303,戏剧与影视学类,catalog,False,False,False,,,,普通高等学校本科专业目录（2026年）
130401,美术学,艺术学,1304,美术学类,catalog,False,False,False,,,,普通高等学校本科专业目录（2026年）
130402,绘画,艺术学,1304,美术学类,catalog,False,False,False,,,,普通高等学校本科专业目录（2026年）
130403,雕塑,艺术学,1304,美术学类,catalog,False,False,False,,,,普通高等学校本科专业目录（2026年）
130404,摄影,艺术学,1304,美术学类,major,True,False,False,,,,普通高等学校本科专业目录（2026年） | 专业详解.xlsx
130405T,书法学,艺术学,1304,美术学类,catalog,False,False,False,,,,普通高等学校本科专业目录（2026年）
130406T,中国画,艺术学,1304,美术学类,catalog,False,False,False,,,,普通高等学校本科专业目录（2026年）
130407TK,实验艺术,艺术学,1304,美术学类,catalog,False,False,False,,,,普通高等学校本科专业目录（2026年）
130408TK,跨媒体艺术,艺术学,1304,美术学类,catalog,False,False,False,,,,普通高等学校本科专业目录（2026年）
130409T,文物保护与修复,艺术学,1304,美术学类,major,True,False,False,,,,普通高等学校本科专业目录（2026年） | 专业详解.xlsx
130410T,漫画,艺术学,1304,美术学类,catalog,False,False,False,,,,普通高等学校本科专业目录（2026年）
130411T,纤维艺术,艺术学,1304,美术学类,catalog,False,False,False,,,,普通高等学校本科专业目录（2026年）
130412TK,科技艺术,艺术学,1304,美术学类,catalog,False,False,False,,,,普通高等学校本科专业目录（2026年）
130413TK,美术教育,艺术学,1304,美术学类,catalog,False,False,False,,,,普通高等学校本科专业目录（2026年）
130414T,虚拟空间艺术,艺术学,1304,美术学类,catalog,False,False,False,,,,普通高等学校本科专业目录（2026年）
130415T,艺术治疗,艺术学,1304,美术学类,catalog,False,False,False,,,,普通高等学校本科专业目录（2026年）
130501,艺术设计学,艺术学,1305,设计学类,catalog,False,False,False,,,,普通高等学校本科专业目录（2026年）
130502,视觉传达设计,艺术学,1305,设计学类,catalog,False,False,False,,,,普通高等学校本科专业目录（2026年）
130503,环境设计,艺术学,1305,设计学类,catalog,False,False,False,,,,普通高等学校本科专业目录（2026年）
130504,产品设计,艺术学,1305,设计学类,catalog,False,False,False,,,,普通高等学校本科专业目录（2026年）
130505,服装与服饰设计,艺术学,1305,设计学类,catalog,False,False,False,,,,普通高等学校本科专业目录（2026年）
130506,公共艺术,艺术学,1305,设计学类,catalog,False,False,False,,,,普通高等学校本科专业目录（2026年）
130507,工艺美术,艺术学,1305,设计学类,catalog,False,False,False,,,,普通高等学校本科专业目录（2026年）
130508,数字媒体艺术,艺术学,1305,设计学类,major,True,False,False,,,,普通高等学校本科专业目录（2026年） | 专业详解.xlsx
130509T,艺术与科技,艺术学,1305,设计学类,catalog,False,False,False,,,,普通高等学校本科专业目录（2026年）
130510TK,陶瓷艺术设计,艺术学,1305,设计学类,catalog,False,False,False,,,,普通高等学校本科专业目录（2026年）
130511T,新媒体艺术,艺术学,1305,设计学类,catalog,False,False,False,,,,普通高等学校本科专业目录（2026年）
130512T,包装设计,艺术学,1305,设计学类,catalog,False,False,False,,,,普通高等学校本科专业目录（2026年）
130513TK,珠宝首饰设计与工艺,艺术学,1305,设计学类,catalog,False,False,False,,,,普通高等学校本科专业目录（2026年）
130514T,人居设计,艺术学,1305,设计学类,catalog,False,False,False,,,,普通高等学校本科专业目录（2026年）
130515TK,游戏艺术设计,艺术学,1305,设计学类,catalog,False,False,False,,,,普通高等学校本科专业目录（2026年）
140001TK,未来机器人,交叉学科,,目录直列专业,major,True,False,False,,,,普通高等学校本科专业目录（2026年） | 专业详解.xlsx
140002TK,交叉工程,交叉学科,,目录直列专业,catalog,False,False,False,,,,普通高等学校本科专业目录（2026年）
140003TK,低空技术与工程,交叉学科,,目录直列专业,major,True,False,False,,,,普通高等学校本科专业目录（2026年） | 专业详解.xlsx
140004TK,集成电路科学与工程,交叉学科,,目录直列专业,major,True,False,False,,,,普通高等学校本科专业目录（2026年） | 专业详解.xlsx
140005T,碳中和科学与工程,交叉学科,,目录直列专业,catalog,False,False,False,,,,普通高等学校本科专业目录（2026年）
140006T,智慧城市与空间规划,交叉学科,,目录直列专业,major,True,False,False,,,,普通高等学校本科专业目录（2026年） | 专业详解.xlsx
140007T,智能医学工程,交叉学科,,目录直列专业,major,True,False,False,,,,普通高等学校本科专业目录（2026年） | 专业详解.xlsx
140008T,生物医药数据科学,交叉学科,,目录直列专业,major,True,False,False,,,,普通高等学校本科专业目录（2026年） | 专业详解.xlsx
140009T,智能影像工程,交叉学科,,目录直列专业,major,True,False,False,,,,普通高等学校本科专业目录（2026年） | 专业详解.xlsx
140010TK,医工学,交叉学科,,目录直列专业,catalog,False,False,False,,,,普通高等学校本科专业目录（2026年）
140011TK,医疗器械与装备工程,交叉学科,,目录直列专业,major,True,False,False,,,,普通高等学校本科专业目录（2026年） | 专业详解.xlsx
140012TK,具身智能,交叉学科,,目录直列专业,catalog,False,False,False,,,,普通高等学校本科专业目录（2026年）
140013TK,脑机科学与技术,交叉学科,,目录直列专业,catalog,False,False,False,,,,普通高等学校本科专业目录（2026年）
140014T,工程互联网,交叉学科,,目录直列专业,catalog,False,False,False,,,,普通高等学校本科专业目录（2026年）
140015T,深地科学与工程,交叉学科,,目录直列专业,catalog,False,False,False,,,,普通高等学校本科专业目录（2026年）
